Feature_1,Feature_2,Feature_3,Feature_4,Feature_5,Target
-0.038769050918666614,-0.6492390080230142,-0.2247456205149846,-1.3462749832381498,0.1268793967486328,0
1.0052841970939037,-1.3732388152011412,1.157346311723567,0.12649323990899375,1.4227991502650217,0
-0.7424547815870448,-0.5732572418181131,1.6884421557461313,-2.588236607468902,0.7625617821222722,0
2.4409383601079777,-2.556424750043644,-0.930664217960387,0.11151390236901726,-1.133169634056446,0
-0.9417584963132791,0.36791336895207083,-0.5493598549354416,-2.0299186217867327,-1.503956716769212,0
1.2486105574331314,-1.5990824317543084,-1.5534277984667928,-1.0627796137886645,-1.9731744856680598,0
0.04729120868657367,-0.9930355531053694,0.2349778748162469,-1.3308069575192696,1.44660438332594,0
0.3012606834761887,-0.7305421513857951,-0.4873894162901053,-1.08208681351158,-0.8228400772783984,0
0.1744493881869599,-0.603257203708012,0.16984469724903012,-1.573708584832589,-2.0022152385129175,0
1.7565315688212126,-1.9960371460381552,1.0544121122194114,0.029168284899363517,-0.12890180227655035,0
-1.7462661953372736,0.9138259606024524,-0.44309487395607067,-2.8319399284741515,-1.571623210874448,0
0.7590117111689207,-0.4468525589868122,2.569907035475335,0.9926051298558801,0.3218438113679798,1
-0.2720571820315808,-0.2840265056259248,0.6198091075303009,-2.063973001758184,-2.242659131337946,0
-0.6480793047723832,-0.4805679826923097,0.01424416401371203,-2.407374161936458,0.17534959484628654,0
0.35727235119948497,-1.2782191298956973,-0.21645222277144752,-0.9796337105738849,1.9748965069476534,0
0.34838471698988266,-0.8171014882667313,-1.1874654017384385,-0.9780123683934284,-0.38385507555079446,0
0.0030209236374082763,-0.8746890102984259,-0.4652168666180802,-1.4514779587544766,0.7803861650614762,0
0.262728736495426,-0.8925530322620789,-0.9788142460811394,-0.9447456825303951,0.6185764586330361,0
0.19112697873161708,0.4726074974153054,0.3770920937424761,1.177459397119478,-0.566647337129476,1
0.18147962900163597,-0.7672104130886643,0.5863329755781368,-0.9820865310827187,0.35761104607949024,0
-2.4244371895567682,1.5185221714326418,0.8266415353898965,-2.4793426552083795,0.2970143083880592,0
0.25941688784930395,-0.9728560844307522,-0.7922983922041061,-1.0285476840987464,0.8410135713849072,0
1.5278277592308445,-1.772047645187396,-0.14655853569167893,-0.877464581764968,-2.2788663679008323,0
0.13621113592028902,-0.5638750829911493,0.3562167098144623,-0.752577616837845,0.16537669255232368,0
0.7133951738610417,-1.0376564158926171,0.23882938618641383,-0.28077407356381845,0.3741563642338508,0
0.3019139885923663,-1.0392961846155329,1.2613181018500463,-1.0551862816147417,0.8616968771277991,0
1.440205784231578,-1.7591051253212444,1.5991566845286143,0.018634204484507588,0.5227537304080639,1
0.014547426431555403,-0.4580164589734136,-2.899893780274999,-1.2072117111810263,-0.8364760723783844,0
0.18398133986969842,-0.08996894809212175,-1.2352804947662746,0.5967691716181407,0.9108561569848841,1
0.6577030252683818,-1.2087117788831845,-0.3125161606756704,-0.361007445839303,1.399681426055734,0
0.31153022759603005,-0.9294152483590686,0.8039193308807204,-0.8908373663633541,0.6560354907528966,0
2.1298417003686856,-1.9859704713407185,0.2829461845074849,1.9089065074025202,2.4542737974277506,1
0.8594836651006316,-1.3282837467906106,-0.28616863668797066,-0.01952154472253964,1.6917407901341464,0
0.33445909216138575,-0.7640468124044304,1.0728867429928937,-0.7566377061529034,4.959801345227888e-05,0
0.21728094220772962,-0.6334580981039009,-0.3341364484598427,-0.7234755705633834,0.11367659104023775,0
2.028700888239221,-2.224786655694567,-1.847408384527915,-0.16927020283311078,-1.1003618934980768,0
-0.050190041141548666,-0.4983011498477903,-0.5124052146241178,-1.609485573443614,-1.2814501919345163,0
-1.5874185978881035,0.7952928570751092,-0.7206260575907678,-2.7255517000828733,-1.6374980198060558,0
0.9303735467448772,-1.3162628355417332,0.10940759902005842,-0.9323775348457709,-1.1828218081855488,0
0.29182876930235874,-0.7193908222790846,0.1310207620786982,-0.7242221084346567,0.10942547962916616,0
0.8061629652599702,-1.4251742486180896,0.9344277832313074,-0.284233834991259,1.8329426155722395,0
-0.13970138368831106,-0.3952834642639893,-0.2855036969711149,-1.1439811499636525,-0.06362707448092153,0
-0.9486115246701993,0.2354814300477368,-0.2781192303112381,-2.5209284520017414,-2.048920583588611,0
-2.264362477677068,1.4404292116790498,1.3369204375647132,-3.121886148340178,-1.9417561183352565,0
0.5181137350843869,-0.08336217167099613,-0.5974233651432281,1.1871893121147394,0.38709670280672326,1
0.3123738347600936,-0.7883076262442934,0.14280939244258323,-1.1621518020844417,-0.7963881059494818,0
-0.13481545047098584,-0.8816345005567057,-0.5790453361681495,-1.7113826870432762,0.975934941986768,0
0.22164799241407596,-0.715217178242739,-1.1378071596536348,-0.9643676111726209,-0.11263345613506925,0
3.1776225210817013,-3.2711649518540002,-1.645592614041814,0.6079567221080491,-0.5657610631331644,0
2.017208721995459,-2.228434437712628,0.3144794724834049,-0.32998958871096096,-1.4306636136195412,0
0.40768057799271384,-0.8658228402233719,-0.7492156170889224,-0.5828209732140459,0.5422181872879417,0
0.1784041110081849,-0.910081380923468,0.024857503751269192,-1.110198519590306,0.7909875708110132,0
2.024719235805581,-2.191163674773749,-0.8908896119420586,0.4282688070050038,0.3061737398363038,0
-0.292960488021025,-0.7488168887125648,0.18676205484824018,-1.9688131319818285,0.5686997955559077,0
0.3159351390226136,-0.9351619237882096,0.1848678838526347,-0.8196756682261253,0.8450207883755073,0
1.6540852416941898,-1.9217259690988047,-0.639230561280132,-0.318378326093286,-0.8027817996381107,0
0.34935874267869726,-0.7694794420598539,0.5767938239138171,-0.7349876641258001,-0.005488386826725256,0
0.3950014633393641,-0.9217940024229752,0.5963970691176537,-0.7390161500136903,0.5051791047297622,0
1.141823192541778,-0.8171517729595326,-1.001062213384433,1.5731037764077729,1.4521402794781846,1
0.6099906048896474,-0.6616529873031965,1.7701676156472728,0.014909824433250396,-0.19745813636783827,0
-0.4206402704309471,-0.453391276636425,1.0357246425830327,-1.9456021929528022,-0.14384887630696208,0
-0.618442881199956,0.03449339202871715,1.5080475914191533,-2.3424303146445364,-2.5349342478395247,0
-0.07089187466010784,-0.7586072288867346,0.6731320206897123,-1.506132185405677,0.47824954832451594,0
0.5669913600950116,-0.9311143632420413,0.6301487764278614,-0.9316371717139538,-0.9928683384607686,0
1.089706047770382,-1.3592851712569372,-1.3257937713542476,-0.1882928291141982,0.015903399059508327,0
2.159246917290466,-2.3352845786088654,-0.09530972104935061,0.00936893421435081,-0.8480250051668736,0
-0.13731257335231642,-0.713136767763168,-0.2960461003212362,-1.6033320803235922,0.38975036686844844,0
-0.8284034559345829,0.16557418587760497,1.1512196407856137,-1.7655766164326174,-0.44229043465629103,0
0.8517844779353783,-0.575007014191558,-2.21004278929018,1.2880365195944448,1.2007559000356962,1
0.5655947657961409,-1.0023469973403922,-0.6872265309140099,-1.1188746007973704,-1.0994008681374392,0
-0.7618147651914899,1.6271274374745703,-0.8259841780265164,1.6264342058575612,0.34012299493349296,1
0.4857279349788414,-1.199786519933601,-0.8177154757301307,-0.7489443485439249,1.3854117265999006,0
0.8651167660400814,-1.2518826700244832,-2.2332788193557644,-1.7484388495045615,-3.2525468684257275,0
0.40922761217157044,-0.3353249794389467,-1.396934091467959,0.34590959541302035,0.17466575093972037,1
1.3310461530638695,-1.5902501752325289,-1.47423727889541,-0.3466847273446704,-0.6522659379038362,0
1.044995649401822,-1.3174527191673207,-0.2621451438679057,-0.5033803371980301,-0.7536986814107687,0
0.8527672415376714,-1.3035727687056236,1.5587980694978887,-1.124638443132016,-1.2795254334448694,0
0.3545972737004238,-0.21277711075987105,-0.8160378953942717,0.6274652904511273,0.5984897122449937,1
1.0201408455745047,-1.2853631887362353,0.5886526793824348,-0.8946204310219661,-1.7914467059606682,0
0.4625180244044484,-1.0220270171360228,-0.7730834555704812,-0.7986336919896266,0.46502715229157054,0
2.1759663396027786,-2.301800843751147,0.19332032475446598,-0.23144714790198895,-1.7531983943174867,0
1.60989740999014,-1.806296515065489,-1.4019080677162379,-0.5659717958654309,-1.785268986386418,0
2.48666849835367,-2.6528583448239673,1.150607550593069,0.545814819693577,0.22738256650587774,0
1.4808722856529624,-1.7386411537663529,-0.8047245724183811,-1.0866045654307843,-2.7143213418641805,0
-0.0630926377968468,-0.34128275118785867,0.21482650611660128,-1.1866524449134177,-0.9232113607303134,0
-0.8666917743243997,0.25485711094757546,-0.7286780669457907,-1.9224715737788562,-1.0869839374255472,0
0.8114429841374682,-1.1536982045875885,-0.5253888696369459,-0.5239433789444213,-0.24731408145544975,0
0.5844477369288265,-1.1840182504831651,-1.27040874397943,-0.5290415350517872,1.2768302298820622,0
0.4129109060066328,-1.4782006701310115,1.068959535275138,-1.1080539458652339,2.3502502280497692,0
0.35933698340004105,-0.6628880331889782,0.12652320501805506,-0.48154020334164227,0.03629410398219701,0
0.7502215019080408,-1.3870241937495145,-1.5763517088994359,-0.37257361710415837,1.7422843800285803,0
0.5544509898273094,-0.9951356023828902,1.013455821741101,-0.47062247527324996,0.6213438450918939,0
0.6482308420866302,-1.0394259051725419,0.6795756851606412,-0.5542872234419571,0.06574958187901658,0
1.8092762345617717,-2.0526857078914826,-0.13415564209226424,-1.154912300427036,-3.2407869989190567,0
0.1826610815177415,-0.682134713218709,1.6739015887420603,-1.3082218479965886,-0.9461642135636754,0
0.32396610347375354,-0.7689024295053616,0.07272462740328739,-1.7505699984973364,-2.503299875061124,0
0.8638925831419674,-1.225791972111678,-0.8067463802094889,-0.42307835583878706,0.07513652871663923,0
0.016902276514700602,-1.0926737663260018,-0.1358547163882445,-1.5484354892373646,1.5857569842539885,0
1.3112334736191527,-1.5973183590197713,1.0043766347631322,-0.23337307274828967,-0.19934112736378995,0
1.96218065077265,-2.1008510295174156,-2.627065356808166,0.8428531158989375,1.293970199260744,1
0.7833151045639805,-0.7479833032777783,0.21741657568671346,0.5336666409762476,0.5555604810984962,1
0.9126640647866898,-1.2872901768447786,-0.28839220030029905,-1.3764138065939198,-2.3853364251347746,0
0.004954285840069249,-0.9050897987477189,-0.7242465320583404,-1.3796976890147699,1.1152192466402095,0
3.213957299053657,-3.167425401670572,-1.2744928824990227,0.9709677685806322,-0.3833109406609887,0
0.3841307388950039,-0.9249364078004138,0.4874139269048432,-0.5819821581326547,0.9972664579391463,0
0.7067786923838096,-1.1417392499719294,0.7903785250428523,-0.8883464804728366,-0.6248722172646306,0
1.4274769289260107,-1.7296703297453595,-0.10172002555304499,-0.27686217862441476,-0.3249860332429374,0
0.614720331590709,-1.7301135901561566,0.6356615967509606,-0.8728491098757536,3.0585834606396993,0
0.8931560370819787,-1.2057748443973397,1.32596997047509,-0.5972408245921523,-0.6617741521999647,1
0.5270719268415137,-0.9156920414941447,-0.47434544190347283,-0.38798831466962114,0.5867484292240519,0
0.09647837145492895,-0.6083457982078813,0.785812009296809,-1.5858115203135439,-1.5336018998738257,0
-0.40274222536935045,-0.6989274588260899,0.677359521686422,-2.0856485267311955,0.6691494759718422,0
0.6813571849830878,-1.1732178541427336,1.4182403547575644,-0.3221777537961156,1.171271645400016,0
-0.8904258634193247,-0.513371785116957,0.02194380821533224,-2.908959751055267,0.5107266044381424,0
0.5545727741440731,-1.1886494152204938,1.4644543122672997,-0.5109787499204217,1.5296462291775592,0
-0.10756269992575533,-0.42041897485975144,-1.0637896161020317,-0.762740356256646,0.8673554235358001,0
0.2830457744163071,-0.9210195274941169,-0.33849396429229733,-0.8933162680997521,0.7785465649014269,0
-0.0040321506120435235,-0.4596303112428177,0.7641052963280948,-1.4911312979064306,-1.4557467556668953,0
-0.36012599224872943,0.9288428963907722,1.142699916235183,0.9566617014556312,-0.18622544830535048,1
1.4334994615176737,-1.7077458538316366,0.40191895517392295,-0.4112868687107194,-0.8271043149132075,0
0.8805932915072779,-1.3501737500153799,1.0877398432337475,-0.044606481931012354,1.6128506204177788,0
-1.2848141265000246,0.5886378352175392,0.9200114600053961,-1.7527659337100836,0.14536630692095764,0
0.2637637093460002,-0.6997757852907718,-0.038140085441648916,-1.7504171037397511,-2.4996262609305053,0
0.6586776864138378,-1.0947150202803129,-0.38479553417306533,-1.278026464333393,-1.5956595236269993,0
0.6777552410013977,-1.42012908964272,-0.33869133992187517,-0.5476923178168525,1.8991135723719719,0
-0.9497635417934942,0.35104878856824784,0.31470630755446866,-1.6569160280230006,-0.39402571386132923,0
-0.019862434802020264,1.439880384137287,-1.1221532378809973,2.00119546283815,-2.2067119994724673,1
2.2249294377315962,-2.392249954939925,2.1205681204305016,0.140264671411789,-0.6069016453769309,0
-2.072376334475848,1.2920468740080144,-0.5655112882176463,-2.7184548815018,-1.2776306441759873,0
0.6417816852309272,-1.156926767622318,0.5736870300025537,-0.39767821813102666,1.1292880780290129,0
0.7175341027253845,-1.1047075749800417,-0.3674105867948155,-0.6758940542799273,-0.33014051033946623,0
0.3051551503586458,-0.7912942368363605,0.38124426647807275,-0.9673706747640048,-0.22883808885382795,0
1.822073186982131,-2.1035699531400276,1.5055451919058283,-0.07377899399535115,-0.23181727789960582,0
0.45539739469500895,-1.297454748826196,1.180490877972961,-0.8257354896559844,1.8812372022836423,0
-0.06234743227240325,-0.7294985062457252,1.8276809829496963,-1.4061667944082563,0.5345309632651778,0
0.16722833595712827,0.09268916213705714,-0.8974915631672096,0.5753410114383846,-0.0007016223014411072,1
-0.698413204538627,0.09733470970492064,1.6512365786872862,-1.6438275210635585,-0.5564657109894291,0
0.9707391970009213,-1.688094135476474,-0.08804446917604382,-0.14398924351812925,2.5773928933832293,0
1.2040062381148315,-1.54491483364391,-0.6240987123257102,0.030444025913062722,0.865292518420471,0
0.39407994630760185,-1.0253086246358512,-0.18138540310928583,-0.8298878137192485,0.8163235798059465,0
-1.0325636032029617,0.36265080739935707,-0.5777505081541768,-2.3587775901039714,-1.7827019376023117,0
-0.25818170247848166,-0.2707759639154479,-1.368268938725629,-1.3815330797708676,-0.6163343604072021,0
-0.3016562568965653,-0.25130959455036683,0.847932173353264,-1.6647941331366132,-1.1931949456754185,0
-0.6715793692246423,0.022306863932552323,1.4961022334255598,-2.1157742509649147,-1.5571675818839803,0
0.2863332999548612,-1.1837984976170475,-1.5888184753202212,-1.058548273598618,1.7049583855926547,0
1.286215532938304,-1.5976000811467486,-0.3234378675446039,0.5565910536442664,2.0145697291822313,0
0.3523137536902895,-1.1951910622598199,-0.610022977498356,-0.9317973074287432,1.6945909092316591,0
0.5319715538226384,-0.9265548525163324,-0.575881712458321,-1.5790436401062193,-2.492757880420985,0
0.3115999976354052,-0.9190956127553167,0.21294997367162288,-0.8896068492958629,0.6047308946905763,0
-0.7801505538387331,0.0687286675902854,-0.13592728985576719,-2.5973883499376993,-2.397364322850245,0
-0.6118530169192306,0.06046672515827689,-0.43874592004829344,-2.224923505982331,-2.404594538103545,0
0.8795372055764968,-1.0343232284483108,-0.3990988538209255,0.20596177092618317,0.6172990282815729,0
0.4207910919668702,-0.8268671791675786,0.8455260998852114,-1.117464723156721,-1.1361251853044014,0
0.20586877429399875,0.02339180732249746,0.3984491228578794,0.5250418809847943,-0.003335804415672383,1
-0.5352976088911303,-0.029472092873570666,-1.8348080296345557,-1.5170901433058943,-0.5518152361801846,0
0.8109042536384706,-1.0963917366895144,-0.7005368280095384,-1.2958900308955916,-2.5579219557964605,0
0.0032087905776471484,-0.9896168333564921,0.7143189358736531,-1.4875245046396968,1.2876189951911479,0
0.9846454991984795,-1.2937936816295474,0.09913833941812458,0.08076137965980679,1.0124384491999554,0
0.6229387422860033,-1.007523201025104,0.03390078412545998,-0.9153108505757186,-0.8895484206360109,0
0.514762765781708,-0.8266836981540842,0.7661960091741071,-0.41493814311098487,0.12466771091125117,0
0.8775249780986617,-1.1556647805540718,2.1640073739123564,0.0395915478164488,0.8315807163438157,0
0.16528143967065376,-0.6069069701449094,-0.8403915362054409,-0.8622377385328976,-0.07164406323869921,0
0.09320517676270057,-0.9313081509064571,1.4294578020440076,-1.2924543955584673,0.9442653931410677,0
0.6805545801759814,-0.30458066998230215,-0.5214010918187526,1.4167267344724976,1.158843518470887,1
-1.3173519383836279,0.5926631115585765,1.1384155206557094,-2.3952894570372063,-1.3540595101411097,0
-0.28316776813355315,-0.9079160805520102,0.5987390159931402,-1.969514310592852,1.341321231137266,0
-0.3960104506220592,-1.0619853310059306,0.9729965453330005,-2.33894777813106,1.8705477473033214,0
-0.3235205179548678,-0.20156803907003695,-0.3279419202673591,-1.6939776743523822,-1.397257417196879,0
-0.8625939568735331,-0.5214424103148299,0.5251903903377283,-2.8167399234553248,0.6245501142436227,0
-0.4609353206361721,0.6336899089575234,-0.10611951556933184,0.6383946915815051,1.1428760496384047,1
-0.5052443959388633,-0.019313728819884912,0.023895096986299567,-2.3785040539484936,-3.0344393745722265,0
0.4375846294865168,-0.8446690170642573,1.2526157196195573,-1.3920801265672451,-1.861095103609959,0
0.2614390660671629,-1.2340452575013348,0.326624217565134,-1.201581211674217,1.746427676974386,0
0.44132727211921274,-0.8198904350917993,-1.0225853502720914,-0.9312411647043898,-0.8116718416042794,0
1.8048454946513108,-2.1226574797310036,0.07698314140715402,-0.30209844121373386,-0.6226847077714419,0
1.4397897631479553,-1.6797904672281234,2.484969953586654,0.003348089848575153,0.06967980415602049,0
0.7783247968335627,-0.4871554837755008,-0.34829345358145714,1.1684431756392022,0.8744528534823922,1
0.3985671360228488,-0.5264128426264059,-0.02974165415538386,0.29977007406371226,1.120647333205282,1
3.3203157017062397,-3.31939281629657,0.4508913752125149,0.9685874423271972,-0.23888423187833463,0
0.1032030380074101,-0.6460385294916279,0.9179676706663622,-1.1039623943425363,-0.12004208191737664,0
0.3028654418105911,-0.7129697191978239,-0.5013692716678184,-1.9478412513375547,-3.1828821815644135,0
1.1185278696537095,-1.588980358724024,-0.9976745727406487,0.31853070182105947,2.3667948674982426,0
-0.6411730491058032,-0.34882742766811203,-0.927784109060761,-2.1448511244861708,0.12764063126362202,0
-0.19991760814570422,-0.3599889169478626,0.021060198364359507,-1.1611747760856255,0.07221612564121727,0
0.7932782180750215,-0.8997461231556132,0.13164456691928453,0.16043447810449218,0.31700231641342913,0
-0.26868977234785085,-0.27580521185662465,-0.7250967209741775,-2.004528355384834,-2.1511486586767825,0
-0.6984016091413885,0.11526009387483271,0.40346891810791735,-2.481834908338079,-2.8363086863403066,0
-1.5717134365440921,0.822643815384662,0.184810302489739,-2.1243210051415473,-0.30801431675012647,0
0.27709785811273613,-1.335606938713977,1.507633558913684,-1.3125186713681793,1.8943066316212318,0
-0.40648192343996137,-0.17904505658031833,-1.013805932639863,-1.8786228832217613,-1.4931150118570744,0
1.3505651831962813,-1.676783321571179,0.5597004724114222,-0.7411693474680698,-1.3461922700096824,0
-0.48589500889148746,-0.045668095176015555,1.2030478522059247,-2.274269229684079,-2.741928593269743,0
-1.259709166409908,0.9468134268109498,-0.7602909475639799,0.25134946157212523,3.3429582765318075,1
-0.18780457609816736,-0.6196994641009175,-0.28879530269948617,-1.5265723617342744,0.40684650400043243,0
0.28114530349055283,-1.0370651058119729,-0.7893470120509625,-0.9604314095852355,1.2232826230351392,0
0.7778192540127467,-1.3897457686263954,-1.0195062023841872,-0.31674377525910424,1.734574954232047,0
0.16343874112981333,-0.9206410160995683,-1.345583400104966,-1.0727197983976693,1.034976832382185,0
-0.3321620435518144,-0.5666777635321887,-0.25593056166975336,-1.8489701254446813,0.16467468687004094,0
0.5089000184851801,0.4272459530048869,0.11038963910769706,2.685670831514657,1.6752553241744788,1
0.28450699414251507,-0.7478932858264399,-0.6190727365172086,-0.785195626430011,0.14424566003152506,0
-0.8263971777719153,0.2656298424603394,-0.5626920244402328,-1.2670497477677727,0.32141504004655297,0
-0.37633312031084987,-0.17198012806661922,0.1417658589610795,-1.9480418122789218,-1.8943054100129721,0
1.3002125924137768,-1.6025152560648888,-0.3773420769478101,-0.36820117181741463,-0.45685167336680466,0
1.3526093898601703,-1.4090019346585376,-0.9159247272624271,0.6628562137815842,0.9000035497494043,1
0.8889197111724559,-1.3820674298709543,-1.0285765255061254,-0.07754571953055389,1.6435392136750475,0
-0.8095978509223539,0.14647494833897534,-0.7419834280919447,-1.8783688661988465,-0.7505877042220439,0
0.9158833177696266,-1.3526169936886832,0.9327436083455788,-0.8603332644446614,-0.7163566465892196,0
0.4379549895258367,-0.8306011860255869,0.07575934319837979,-1.4360373299125804,-2.051736751333769,0
-0.23300038862122807,-0.9080062758420948,-1.1416718217393904,-1.912194267631385,1.1866432971297058,0
-1.3292217977038319,0.6763327036699422,-0.21242892991046652,-1.843415759251058,-0.2810506881029744,0
0.720377986629547,-1.0517058223176736,-0.32894408535730224,-0.4575982074033196,-0.05582859559476916,0
0.8777494599152241,-1.0589812756980295,0.2666727637833204,0.10461381683916704,0.49305039505447756,0
-0.640750734740649,0.09748647693806367,-0.6151876757156072,-1.3718040502768352,-0.19790717259676294,0
-0.6110369600158111,-0.19066108607579457,0.5053265000780651,-2.158977863607223,-0.9212512687356977,0
0.302000962206857,-0.6907026938408394,0.2214776976759162,-1.4540765180524884,-2.0064340449641485,0
0.4315375384275748,-1.2021977001244437,-0.9169275453299295,-0.8543896632264351,1.452104485312264,0
-0.21919265509525868,-0.3112701299919127,0.1443434672966939,-1.3483673729149035,-0.554352417492084,0
-1.6660566400556072,2.91766508856303,0.02879081373848167,2.1522471598320125,0.43862605456890325,1
0.04571328059304113,-1.2115746010874344,-0.15556569452183558,-1.597862029776989,1.9050892876038752,0
0.3990332966155281,0.13678597149880845,1.0401885647927522,1.409698032613914,0.5367312821332888,1
-0.42669587125474134,-0.7606806318423692,0.0911882738437822,-2.2422047914645917,0.7299441240091582,0
3.192064514093569,-3.2186536933846592,-0.8214695290296501,0.5061137530243649,-1.194346381264311,0
-0.16619555825976276,-0.8689671885447829,1.3907324875915426,-1.7947399700988336,0.8826823199138205,0
-0.5992985006014027,0.4860977601230333,1.9324594974495528,0.5022938482015757,2.4017492561103073,1
1.5890097699145993,-1.8477025869052164,-0.06184008396068339,-0.8155853562265275,-2.092469465491263,0
0.0773775703124078,-1.2147012590153674,-0.6810551606146789,-1.6055898032801208,1.709026944373489,0
0.6633756889542259,-1.0113450863417295,-0.21903181435247787,-0.8220116168032291,-0.8717284017804663,0
0.5111980576817586,-0.8864971500882284,-0.9205828940058789,0.2896313371900805,2.2975925095985934,0
0.8426417502235704,-0.19816375984124246,-0.49605231253974436,1.8927648624213322,0.8583928426974996,1
1.5102510248298153,-1.810550869039599,1.2010147611718904,0.24100292046693184,0.9470450313565074,1
-1.0821102339532902,0.41850984657364787,0.187538784413962,-1.6881461663048403,-0.025354816817919734,0
0.17109579961704569,-0.683296648214245,-0.3754938863522174,-0.8422225898860857,0.34564995047543623,0
1.4936320173817297,-1.7207352021721278,-1.5443773533483862,0.770134674432321,1.9573612708151105,0
0.09389412034609047,-0.7400682251586311,-2.664332321074447,-1.1461094722524545,0.31941362271104135,0
-0.4890210561905711,-0.06030056526862215,-0.6590067582323337,-1.512316281914846,-0.6588083035716883,0
1.4707002650547245,-1.750008934969567,0.3332400365224288,-0.41853873100466077,-0.8504139152038055,0
1.770978914104481,-1.9535727919450196,-0.47386487015952894,-0.16090846562296401,-0.9350032076810076,0
-0.20961556104072612,0.9881233669223631,-1.595636760889683,1.4992210900852918,0.004205238581898585,1
-1.2549689062941696,0.5737643334694091,-1.4180599219689365,-2.460873876416128,-1.8049142582088744,0
0.10257764139940449,-0.5970835352561861,-0.22094226150476054,-1.2172417597222691,-0.6683145835667412,0
0.5580952239250053,-0.883446046831974,1.2902611290460646,-1.0478944974821307,-1.4919368993102706,0
1.3156982470064833,-1.979986211135612,-0.2828867205196255,0.24440331801807158,3.025511404907888,0
0.16883917847397414,-0.9624108436763112,0.8074447180083516,-1.177767669406176,0.9471160402337496,0
-1.7947168988762245,0.951851734120049,1.410213804814408,-2.8531895694836322,-1.532126092806732,0
1.4323571100907528,-1.2846107949400585,1.3680984817638127,1.0272562791225732,0.714188731633114,1
0.5685648270330367,-0.9623038515391777,1.6648018292404523,-0.35422441164834684,0.6671507453947527,0
0.03675245738856818,-0.99592417283148,-0.27269458215246056,-1.3907163503518158,1.3694812383726949,0
-0.8612130708432141,1.3125087861362548,-0.7150632206374263,1.2018376654554919,1.4853404219268402,1
0.4568592769602238,-1.4894197032245478,-0.8377094318949696,-1.0352435409541374,2.332075939092225,0
0.42463005870006193,-0.9854510599082793,0.1798310795379064,-0.663648658363934,0.8554917493825793,0
0.666612103383468,-1.0875960389276025,1.8381007079616358,-1.5615710669962979,-2.4207421837304657,0
1.1483886359815558,-1.4723444154838938,0.20001485117174814,-0.20599117661255162,0.2059680470843368,0
1.5878564101937365,-1.8344605016964501,-0.04546497612900444,0.46234313322379883,1.1784107462089906,0
-0.36886385012477163,-0.4734512291070031,0.32543685943381034,-1.739825606804763,0.18359999569039487,0
0.5972412788764431,-1.0807046238505211,-0.7563234246285745,-0.481316501426587,0.7821001656062345,0
-1.6315361841885865,2.125900228675426,0.004601087097138987,1.3962427419753543,2.4071089842584183,1
-0.8801276852327227,0.15929194917586287,-0.5171370804487624,-2.7564661109471933,-2.6798324302918273,0
1.1049213772524173,-1.4526933015164207,-0.790012802081076,-1.4478203821327589,-2.872186250317415,0
0.22397758776323187,-1.39918222848972,-0.5458425859710776,-1.4310355579874117,2.2409978919886555,0
0.3254692522783915,-1.0606988720409933,0.9197033140843018,-0.9725884015221001,1.046274784339299,0
0.09859681060876639,-1.0184124621275135,-1.3162700410740993,-1.3509145466880748,1.2155964394103902,0
0.3545198963078256,-1.119326642055821,-0.6958614201447756,-0.9309566224701853,1.285741651283823,0
0.3551739633405924,-1.1111866801916142,-0.10137825626420019,-1.0106957189382926,1.0311163912165486,0
-1.4091017951129745,0.6631031462359616,0.6148413973029732,-2.3918388302546205,-1.157083864144863,0
0.4413451887613341,-0.9180273601499636,0.5573042937804867,-0.8033121724122194,0.036288927154837225,0
1.2862260837733122,-1.5760008342283165,0.7917964128034704,-0.564490049720294,-1.0228787793300114,0
-0.09211243114911048,-0.9030558043498806,-0.3961260979892287,-1.5917262033208437,1.1409898474703697,0
0.24822273234681683,-1.111334935969176,0.702881798595122,-1.1034726418952565,1.4394028051616177,0
2.9828475075288394,-3.049384420748201,0.297083451490835,0.7191745373310678,-0.2552827875036683,0
0.019586871695000587,0.47526245399171785,-0.36624169747817953,1.009593228736006,0.0233286880000112,1
-0.1044666257394745,-0.47547578289175485,0.3509425048957069,-1.2742022514017448,-0.19693726360626385,0
0.16869803329371785,-0.46092640427569564,-0.045861259369021544,-0.7655321627500069,-0.605309816514388,0
0.5506817439821662,-1.0839373938042725,0.6550406137817893,-0.5320282981422428,0.9495220093173242,0
-0.8200233586904353,1.034567694624401,-0.5520580017774016,0.7247603765985882,1.447646975040604,1
-0.9257665113764736,-0.19246206883593886,-0.8417119460380091,-2.6613479854445288,-0.3108477030939629,0
0.179031401159796,-0.693894819932584,-0.554337967313331,-1.277262422585112,-0.7817277632312589,0
0.11110483754493736,-1.3106814145895724,0.9173151613587754,-1.4719140238771187,2.3559591342159436,0
0.4871755088573847,-0.8470918640458409,0.9898601405859991,-0.03352362286659216,1.3940344995952296,0
0.6997435970907002,-0.816566118149663,0.6729432044950393,-0.07451722934095029,-0.16379675555694484,0
-1.4072834347387009,0.7336714332991261,1.1511294059581902,-2.2578799757071923,-1.1885996534136605,0
0.7970846971897922,-0.9519849303310195,-0.8063626971363014,-0.044132548472573974,0.03411399716300656,0
-0.17950753546975257,-0.7354616393940604,0.9958719766589276,-1.7066925454636475,0.49341196465229387,0
0.5174723223417467,-1.6792946631133479,0.031075966875013874,-0.981344360533132,3.0997991205621114,0
2.5872114764154297,-2.7600723085785703,0.21160038058850683,0.5081823909225549,0.08060013104129138,0
0.38757040040717206,-0.8907752573301244,-0.3255873571531219,-0.6960839329474644,0.49970426914964394,0
0.4092271471665759,-0.872816727622809,-1.3834625118283659,-1.3478064889780217,-1.4258652465098296,0
1.2157940487590244,-1.5654803237227826,0.5102276451696075,-0.861296406762271,-1.4244703647767967,0
0.5798514808020621,-1.0421693777966072,-1.8604479999243069,-1.1751791878656188,-1.1241129724904453,0
1.1358731494170007,-1.4965350916946911,0.12181470577485806,-0.8216308299048973,-1.197034492983559,0
-0.3936954055507945,-0.5907816986619276,-0.19776904470561435,-2.0843262061129453,0.050810675087225365,0
0.4396289405249761,-1.3246437943809748,-0.23212931854845434,-0.8225622896995002,2.1277859912928485,0
0.810454319301756,-1.4129724842529336,1.0366468294192557,-0.37114919881197683,1.5162202716817272,0
0.3125517241581766,-0.6618643190539324,-1.3582116685261956,-0.7941678492779116,-0.500391827267243,1
2.6621085451078597,-2.779412720761586,0.4881048177193057,0.7601226156851537,0.3842790841227255,0
1.0072506789756601,-1.3427541420154494,-1.253295627303265,-1.7417807187872247,-3.6220409585632436,0
0.495303814994416,-1.0072128108844904,-0.8082184087866364,-0.5474624120310216,0.8434160660746333,0
-0.7251357287532159,0.17502619182199552,-0.6927548576980426,-2.1316061685294603,-2.0737008198267235,0
0.46587763492644835,-1.126170911783818,1.308011915661778,-0.7273928930237705,1.176317125465641,0
0.19207542589900142,-0.6027581259405232,-1.0563279993057415,-1.1353802385774594,-0.9685586421051634,0
0.23177956561543292,-1.0012939650273216,1.286503119071931,-1.1536602941165461,0.8315723112836523,0
0.9047977695540589,-1.2848320192926652,0.8947235146471376,0.03203705131171675,1.3232828620225887,0
-0.4725718155103655,-0.12533137780361026,-0.12442732310641852,-1.9319026115571023,-1.5122709260084983,0
-0.300550169211972,-0.46801766461247596,-0.7345580968654715,-1.8267039552571989,-0.48635129886653794,0
0.9932904233361859,-0.7951208702098045,-1.7325440243543537,0.9457854461845768,0.6024238262599209,1
-0.7364860426367802,-0.41367150144657705,-0.47326504683304876,-2.4666073353994387,0.2070951223691173,0
-1.5411660739858695,0.8946107822234108,-0.11994127362647256,-2.9328152700970564,-2.9795770492965437,0
-0.5266555542032146,-0.04483384520545408,1.9044335081747408,-2.148392840877542,-2.1704370043417973,0
1.4555249969710224,-1.7339876495092286,-1.4760670917717218,-0.4723295752998693,-0.9825371701596383,0
-1.1910169827486545,0.5246637732405284,0.8534214514921151,-1.6403498672992582,0.2042870793719389,0
0.8227217977106431,-1.3925573202157528,0.32584085214792474,-0.2932659409787377,1.5378615419355957,0
-1.4911036082844453,0.6787974996368893,0.9373272918208769,-1.7974272681671017,0.8090759717447293,0
2.1647708880315477,-2.3923839071181003,0.5310966022846075,0.20761045959085034,-0.06520137632185119,0
0.34887517934713663,-1.1011562166726654,0.18911121660394065,-0.9079856168988419,1.2846973354394733,0
0.7789976402797387,-1.362863183281188,0.09682817740951716,-0.2637340531007698,1.7247812006311467,0
-0.2743466703862446,-0.6907880500759997,-0.6099007628719224,-0.6008605070030135,3.719600007924522,1
0.6858129703747456,-1.364900126565335,-1.1177788402369702,-0.35905642398717763,2.052724844939843,0
-0.0825639996156047,-0.5275539697143411,-0.20631480361932888,-1.3521772572407076,-0.26036727134059134,0
0.8876395876383736,-0.8506204664830513,-0.8702562235172253,0.36415327605858616,0.017832371180970474,0
1.138396609808665,-1.4159039462231109,-1.0418475454405287,0.10629211267558225,0.7853591934013162,0
0.36374500994323555,-0.8453789154239574,-0.4847906763568931,-1.3612878526365289,-1.3286366048792262,0
0.2008128283884108,-0.6568745497339531,0.4796797395099632,-0.7887361697230627,0.16620095309642835,0
0.9459216428220698,-1.3866791040058946,-1.151868384586774,0.04038952725910727,1.6291607843391773,0
0.3158555390671078,-1.2826369167525453,0.06884573128385278,-1.0796101492073058,1.9887989781687043,0
0.567488264430163,-0.9556471635953978,-0.0027502410341822625,-1.237058961517879,-1.6639438553063965,0
-0.6131886221958387,0.015700024316435135,-0.7222688836538869,-2.7238610619249517,-3.463241961670902,0
-0.14392804688395083,-0.6381988191280162,-1.1860692313994132,-1.5975735595089111,0.05215744023226154,0
-1.2117377590758949,2.1726048613772653,0.11821199140193689,1.7095870043048362,0.43022413368322154,1
1.121672453379455,-1.4699283683805104,0.41692950326481654,-0.2970056536555178,0.11815138165898298,0
0.3497706840914481,-1.2628368768546863,1.182352844091784,-1.1116795282921106,1.5954054014050316,0
0.2106380562022766,-0.7325265234719867,1.2530889173020765,-1.8325883902512954,-2.2196675732468676,0
-0.23370397456305753,-0.7308053910770997,-1.1177496539261753,-1.8527711112569127,0.4171116645242309,0
0.08909333635091493,0.4950975853245926,-1.4122943199298554,1.2483527288091385,0.12002515527788271,1
-1.810921835207606,1.0510762271254355,-0.5930721344322301,-2.79002676676435,-1.7890509829125674,0
1.393349865979573,-1.656789038884568,-0.4540335803194438,-0.6682575294410198,-1.520640091585601,0
0.22452269025618996,-0.6314481137971907,-0.8912185001067509,-0.6456268105677958,0.26221962740055615,0
0.6365259722230957,-1.447839047786683,0.6634477291515113,-0.5649525969917737,2.249716019918755,0
0.09078695707206312,-0.9095859274094646,0.22374831957430621,-1.2762064076491964,0.8874741065685824,0
0.9738260043307825,-1.2024068016721299,-0.6766708032480138,0.18540616298320245,0.8720887888617026,0
-0.4954091856458147,-0.07968120486405073,0.11955692459848473,-1.4451183267840726,-0.343154183251839,0
0.12833182711814137,-0.6266948659315522,1.0478511314651566,-1.9114723395147113,-2.48030516505821,0
1.1583154018260855,-1.567235869867948,-0.3693867320636845,-0.7013652272996606,-0.6490501789161016,0
-1.180273198774643,0.46351395403649387,0.2884111487160616,-3.1873899683703932,-3.5756629997880935,0
0.2764504183837845,-1.195271974416788,-2.640897679343706,-1.0377758474735193,1.8792962616175664,0
-0.21405113057143743,-0.2914477558327977,0.19656354764246445,-2.5685394428378103,-3.872111211930242,0
-0.020471201416301005,-1.0990642252990777,-0.35870377304891893,-1.6264062888613553,1.642842888062062,0
0.10207502587408168,-0.7174522215208436,-0.9070081583826592,-1.1446519981771692,0.15499132693815332,0
0.37452529084113073,-1.3618643197128826,0.43350549994684245,-1.0117276630191403,2.2248362820397647,0
-3.161932542450882,4.619524488223686,0.819888153981797,2.2826035674470138,0.9426251923431166,1
1.3634086343585845,-1.6555234639377812,1.1040706092820498,0.11752615842364367,0.7041551879958268,1
-0.8085668463800776,0.06805532836012507,-0.5361721666239897,-2.4808810946192303,-1.9173740599902953,0
0.8504888197482579,-0.8582462778732766,-0.25018783320716287,0.4137404050075013,0.412756595472377,1
-0.13112985090476162,-1.1251896123017693,0.6573649633895711,-1.9606221044193484,1.5800464700278933,0
1.3115670256067928,-1.628740481645678,1.0033827642199402,-1.1299327256109113,-2.3752084839914476,0
0.5755647401619212,-0.9586056446824868,0.7932854051651251,-0.6011592913187642,-0.038835767718248926,0
0.34135832842329006,-0.8890458672169963,1.6224983409010136,-1.0494183403219375,-0.15033885418644755,0
0.9117757702986349,-1.2910057148455276,-0.3657996727935024,-0.7004606988406192,-0.5973446949654082,0
1.0992027498127626,-1.3871630721639352,-1.6894573383151947,-0.30089993118684166,-0.1893654331667336,0
2.0813260881999818,-2.272506422986688,-0.429063876901458,-0.32299182286381345,-1.5707853639885436,0
-1.276356454407253,0.5970563942264098,-1.4961991540760018,-2.4055214073021434,-1.6527368901670798,0
0.5498184278966499,-1.2178880645452885,0.8986484586849005,-0.6659100516744131,1.3076586332025262,0
-0.767304029815404,-0.5260765305728489,0.4276172815847823,-2.6936193467614125,0.39129537057376784,0
-0.34023096819189586,-0.5374073913849456,1.2865973693976245,-1.8379962461644266,0.08887911661828307,0
0.12556645701613478,0.7418980263730262,-1.7021343999747023,1.9817017512135409,0.5177505472963166,1
1.7708156244247613,-2.023500248712077,-2.7222777409231447,0.09884156216036288,0.11003307561215636,0
0.29614047954920736,-0.8345696246590075,-0.31676510593564716,-0.8437605227304462,0.3751541385525704,0
1.1985037308911108,-1.4940330668129158,1.4049423292181198,-0.902702346495569,-1.8019609468498046,0
0.6521540262458732,-1.0401988242899556,2.10367310306172,-0.32034464369044735,0.6561798327785882,0
-0.6665809689474935,-0.5303919404898877,1.0527915569027135,-2.5179430944715917,0.26045881758356015,0
0.33904303938364405,-0.7165919983411899,0.8010809637881857,-1.343819887414862,-1.808099830231532,0
0.5484080350331384,-0.985675587752182,-0.7812967068230585,-0.8718665715120877,-0.43812766116708957,0
-1.4096757496704588,1.6146034195294778,-0.1268807141021942,0.9022023266912618,2.451111890386689,1
0.2750965959635068,-1.1431696722445663,1.4695825373608864,-1.023838691943063,1.650775948472461,0
0.2698330268570058,-1.0352688802807017,1.9353203365984042,-1.016477324494372,1.1363786417293238,0
2.156418304988787,-2.4289196556108443,1.8095149185186066,0.03472417308458997,-0.2739222823714257,0
1.4332379336894137,-1.8096925519245306,-1.0698953290805033,0.6263068529593967,2.415246299324859,0
1.2300985054543574,-1.271568994516763,0.7099291292005268,0.6063978999248643,0.7763801146272578,0
0.23909449745689898,-0.7070920512918046,0.08507903197998995,-1.4823383963251069,-1.6122212802260973,0
-0.6908502213332597,0.045735506002346105,-0.6041676033158545,-2.071967638409155,-1.4486762200419938,0
0.004737971963580987,-0.9684930512687736,-1.5215968426326696,-1.4706740151085773,1.211563815149313,0
0.724599669555373,-1.0911633984271147,0.4105320144092518,-0.9367252989436792,-1.1243800952563359,0
-0.05371182715225234,-0.5906771364529835,-0.17494456600131203,-1.201919327956582,0.2872025747957805,0
1.6756361301785652,-1.8047771882859267,-1.3141458544552165,1.0960393311796417,2.1426492688743473,0
2.114271201116195,-2.186431867934047,-1.5081878543539287,0.025856068573573587,-1.3121013023363641,0
1.3772124469962845,-1.7580937572427566,-0.28368469367815263,-0.14757869968856174,0.46646339309640006,1
2.288077616200683,-2.39829926810092,1.90329268772716,0.7035943840064105,0.5106743684384951,0
0.25246549899237497,-1.250566753022314,-0.32782352634269685,-1.2054052935611674,1.877546338863574,0
1.0503585109582956,-1.4073688305369585,1.018157247648752,0.2820564630372524,1.7337236434848293,0
0.6643783178706639,-1.2734235802083442,0.07343451924111885,-0.4633863210747272,1.4312909052037492,0
0.1302596357092257,-0.8478741763098809,0.21911060003441002,-1.1869702551980894,0.5570566545299023,0
0.6355715799758241,-1.1487254021663127,-0.8021545915096441,-0.5153698192575362,0.817032985064885,0
-0.3868512918811798,-0.8732878426350449,-2.3764328563378636,-2.202923532586831,1.1806634993517553,0
1.9712011902493047,-2.2003366437891625,-1.1354666958101698,0.35184756272600426,0.47993031471761394,0
-0.3625144904976767,-0.1409764435709654,0.5225619208753273,-1.4767957418291726,-0.9115561768974421,0
0.5137444693564676,-1.2797370302721556,0.06992926714063982,-0.7211765927418938,1.7067598441066938,0
0.17681191192228304,-1.1774818407077563,-0.16552815135332738,-1.3370588866572346,1.6105087396684457,0
0.09128506538701077,-1.3528814989379843,-0.16966815878122207,-1.6825398230009379,2.148129148488297,0
0.4486474768035365,-1.1578919577038187,-0.5939031720203022,-0.7000518919117881,1.5185353151456011,0
0.703141315041464,-1.2786832540107127,-1.1135192324279926,-0.4450856307868515,1.2711904003499346,0
0.9003562476294247,-0.9032520282229397,-1.1326690518768963,0.24901369510749571,-0.08384988475802313,0
0.8122419877517308,-1.4756809087254916,-1.7869457313398482,-0.23236369377630972,2.196052138151309,0
-0.39918894077241274,-0.5448714296285859,-0.022577941094418186,-2.0545268100754726,-0.07873968425950162,0
0.5940686839965059,-1.2696785311744814,0.3535478631986765,-0.5682875844599927,1.5650252783820702,0
1.4897728963815793,-1.615393538001185,-0.5171830838060685,0.935981963928461,1.8612353214618897,0
0.40959375921188373,-1.1936505701753257,-0.3217062178214337,-0.8270133682114361,1.6119738928290164,0
1.6690509284062736,-1.4042338288786602,0.5542247039460395,1.3901217633910155,0.8502569920756576,0
-0.04985627916821268,-0.4767539611094329,1.3005268585960061,-0.8187320552487143,0.666144821121623,0
-1.0621301107112486,0.42282851647290687,0.5507877351167638,-0.1505777321074273,3.8411878958896293,1
1.7037578554284376,-2.0113428495046355,-0.5713742524172769,-0.7263988891155009,-1.6989708332249225,0
0.33815077902484836,-0.9667086704899928,-0.5208636651508562,-0.2808666790807519,2.280862480665812,1
-0.21081089504682154,-0.8815297986348423,-0.2216885799990672,-1.9124650855575354,0.9124055500117598,0
0.7081524976910978,-0.47403121416094784,1.5292965508395333,0.25899519135457716,-1.1403473966466535,0
2.3916813082793635,-2.539618991800052,-0.02302485444650096,0.47584818126906603,0.028187097833157537,0
-0.034854795904133644,-1.154959759874856,1.2691726564583794,-1.643161392983461,1.9794670239272905,0
0.74878267929781,-1.0530631641751955,1.3201841971984174,-1.3107476317098525,-2.446525038522914,0
-1.0058615557176165,0.3212499529785935,1.1817613956614945,-2.3781169217698146,-1.7783013766109175,0
-0.6285653571810982,-0.607656166457827,-1.8360719875025393,-2.592230866225452,0.24080683799392266,0
1.185954840501523,-1.5311694047585327,0.8525958032951028,-1.519868821594338,-3.14088825436321,0
0.766860699183794,-1.0794995819426945,0.006211355621786128,0.018711095659278754,1.04994924462111,1
1.4682484800716038,-1.6927854411750283,0.8168679695322622,-0.5923196770299459,-1.5887436834873059,0
-0.16227694714208116,-0.07403692497794157,0.12391742634264473,-1.127551039625242,-1.567490538688034,0
1.114827993599761,-1.4441083470147382,0.09110086660612234,-1.2245175315877137,-2.3948943334227026,0
-1.4070473192199071,0.680158717242219,-0.5553080553860471,-3.1534153621104712,-3.2454155007774528,0
0.7840251322633134,-1.2544803881051596,-0.5411253725348428,-1.1507349380620056,-1.1874487226300499,0
-2.347745882000915,3.1207392418637605,-1.5807508173094416,1.6632033005839222,2.238442451314118,1
1.01815711299951,-1.3012123779068618,-0.001736523275695409,-0.7961282516256577,-1.4394239027320022,0
2.403788087931545,-2.574548157078889,2.220683796583114,-0.062400498246127145,-1.2661953054664736,0
0.2561688522743742,-1.09081190475826,0.1524347668741858,-1.0545256751150196,1.411245891299696,0
1.9032163313975778,-1.4448802132830239,-1.1802836038228717,2.4689831390783468,2.4552906461717265,1
-0.26259697729527465,-0.630886515767215,1.9898550733375573,-1.839365699736312,0.10381582084869156,0
0.9186605134388515,-1.2678889705554064,0.4739340992113509,-0.6707797865586522,-0.6829035667223751,0
0.42757571469032946,-1.067376866353757,1.5834772772495995,-0.7413126314200799,1.0644434838033874,0
-0.10902259837751961,-0.3529431656959702,1.214973511292237,-1.122306716862201,-0.4153289722117388,0
-0.09315394941196792,-0.4035119361647852,-0.21347213599941883,-1.1545414286324749,-0.33072018587427143,0
-0.27359492932638546,-1.0595698047881605,0.4726630560767134,-2.1300108471770898,1.6594502709766843,0
1.941193208125137,-2.079825220538797,-0.7898474390492546,-0.06277085595157983,-1.0509663680645822,0
2.3543531630168344,-2.6969510328529234,1.1342947938882124,0.5768802436542123,1.3430621135311895,1
0.4258523627030846,-1.7943452832634212,-0.07436859881871455,-1.2438403399005866,3.574555892071237,0
0.48869342932253645,-0.8879024849137823,-1.1343963827064898,-0.2626797055858666,1.0010065132045742,0
-0.14385764839389656,-1.2187359190959803,0.19630441692435538,-1.9461249204348334,2.185479046675014,0
-1.8472692509018733,1.008359010342864,-0.8680639066752307,-2.0387183169104555,0.6152613169694561,0
3.5914928161340827,-3.5501563718944302,0.2482739329114458,1.0906588334317506,-0.3577602297695348,0
-0.13975434157911726,-1.0161363631024343,-0.29340551584204505,-1.717042078969453,1.6961599731792512,0
0.21106370309421937,-0.9001198889824306,0.15310199293432541,-1.0351812542294563,0.7361071507331972,0
0.09634771618931522,0.592996770610829,0.5074209278332887,1.7462991578623372,0.861648623472789,1
-1.0767735781362193,0.4310377691633289,0.297394853531108,-3.196922811377905,-4.058846348911113,0
1.4284040926487591,-1.6802913646964837,1.0936976406914414,-0.6883528256233014,-1.6627486673526728,0
-1.2187486269349954,1.8716896425317724,-0.2323044937361695,1.404583935395682,1.2544968872168472,1
0.4520377977249057,-1.0111149012705152,1.0452510148730776,-0.5922359961195296,1.0098338985065662,0
0.5661546033872361,-0.9606947405718873,0.36141552377197955,-1.0867365440397379,-1.2372942740566706,0
0.2375520076804266,-0.9760011349754524,2.3502058000057215,-1.0787043881342622,0.8594553701686584,0
-0.5079422974606684,-0.5802163616902445,1.5677961311964723,-2.1856490891967875,0.42495660539783264,0
-0.3586271546219673,-0.7120721165566122,1.4258947496245888,-1.9736304604731725,0.7623233197667817,0
0.23421479073229678,-0.72410035653824,-0.7422480135662024,-1.209391688047681,-0.7814975580701605,0
0.5966210197882778,-1.2068152591021881,-0.2133297993092693,-0.4808243468999118,1.4481612361919658,0
0.8883058074263153,-1.6126277090396484,-1.4281484954450976,-0.2755801176363909,2.339209203263046,0
2.2729051588090976,-2.4270266457135605,-0.26403776199440115,-0.11717111987850859,-1.3874534503957658,0
2.2306822372835993,-2.458642772998796,0.7540759331580894,0.11193003261356194,-0.3677456169192631,0
1.035253079575695,-1.408058564730445,-0.7296646238211267,-0.32389772600644917,0.24853215174814935,0
-1.6782953870191457,2.440108911260489,2.390766164767724,1.440444757132194,1.1594381772337425,1
0.4105186673963771,-0.8852727787159627,-1.167534215312696,-1.2786535286234468,-1.1880448474680882,0
0.8724470950292843,-1.2185822135723972,-1.2081788236455882,-0.9182929030254356,-1.3062969760856575,0
0.541012726399044,-0.9077829506970679,-0.3119870086480041,-0.3007509239150643,0.6881773913149045,0
0.18939442254338162,-0.6660313540185812,2.2947685915477845,-1.4332319381165877,-1.397531131343359,0
0.03305270741165203,0.1467075844244502,-0.2763196351264478,0.7390693603673602,0.9580559105260177,1
0.5429490375539849,-0.9126986577407044,-2.057966753396755,-1.2052101855132447,-1.6569620358409347,0
1.2616606354211737,-1.5164740587882206,-2.206418848383733,0.5088983265138554,1.6140666840621312,0
0.36156288023526856,-0.8686521559268221,1.0833404379113156,-0.7904229346351762,0.29561765542645757,0
-0.3734550482740121,-0.16668672499604575,1.1936448655732277,-1.2260437057720988,-0.056305464032730956,0
0.5119573375262026,-1.1431609401992209,-2.0254180833204796,-0.6376797888759065,1.2195363771460719,0
1.6688961970654594,-1.6419925142466005,0.0834811255198509,1.1932941434278872,1.5840167164677512,0
-1.2211577064022463,2.2288284863878296,-0.06110191375136612,1.7252881904361606,0.2336878204508498,1
0.9190680151117143,-1.2638455402406596,-0.2766358691614466,-0.27627832708020406,0.32242583243441514,0
1.0037379331525278,-1.6643866438450552,-0.10622149384201134,-0.10879438807780206,2.344532268041039,0
-0.1625380519506262,-0.3793492246319532,-0.0946237926492889,-1.6688238336285943,-1.377435149126153,0
-0.5433950389613923,-0.47368899238251194,-0.4595489411617563,-2.2146433244100594,0.0062657703453816715,1
0.3625836239104968,-1.5387859341791863,0.27402735267208544,-1.1839381360430785,2.775508679452977,0
-0.20827558920100128,-0.30513019707412325,0.7526823152860572,-1.3769509173589884,-0.7273890773612848,0
2.0462153014163493,-2.223930658123835,0.38196645752409497,-1.0788693983302828,-3.5837647702124658,0
0.32749545047323686,-0.7263699606026438,0.39167061561527167,-1.5231057236607053,-2.1543613494451312,0
1.017550961680794,-1.3156571764354545,-0.2283383352994422,0.013667042490176584,0.7521992061045555,0
-2.243314623289755,2.800754879787083,-0.32662348908556743,1.2943001779446006,2.319215928164094,1
2.6567984385133503,-2.795864372359121,-1.0249923138187629,0.08584950440855099,-1.2559817700277562,0
1.482727176033179,-1.7143993985158368,-0.5869656870923221,0.36706173291895383,0.9390208349947355,0
2.5001288741206302,-2.5861604547625774,-0.22064275011577214,0.21395403538559088,-1.0695678359150418,0
0.9432306614624434,-1.396288122714464,1.623263185486201,0.06424517480644654,1.758092516304997,0
1.5559774700848918,-1.8561949424559505,-0.3371881377911729,-0.7815987967535623,-1.7587060205158145,0
3.5811238216762344,-3.52705449965986,0.049802790902832496,0.3765869188424875,-2.278428497891218,0
1.4445666318111507,-1.622660872867537,0.5714083877187804,0.08626658108270235,-0.042494740479205095,0
-0.030079212250568973,-0.6548476702859674,-0.44029678710755854,-1.246206649129249,0.36451798578788985,0
-0.016689608240255407,-0.8282392038068696,1.7320492913680818,-1.4030309348788124,0.7829857310846691,0
-0.2153939328046576,-0.4001694903442857,1.7786551265382484,-1.2195155155772608,0.22463623666323174,0
0.351248389038188,-0.7746760334724593,-0.7844906432421096,-0.596283186542643,0.37206378461959544,0
0.9151275523914422,-1.289870321445201,0.4121091610202864,-1.2938178409753562,-2.1713339015450286,0
0.13590838361221944,-0.5903204917894782,-0.2029174630104449,-1.7876383754607241,-2.393971298828933,0
-0.16596351255509542,-0.7528281889976737,1.7348318912272276,-1.667700255103103,0.6038930210141209,0
2.3630602372386527,-2.4574872158032877,0.18729554982321833,0.2190706608452231,-0.8982604407459707,0
0.4012148495424291,-0.7773752109347538,0.6569471123242788,-1.046675222885011,-1.0920096829375268,0
1.0754610266459825,-1.4635016596102701,1.1825657270608714,-1.1744287531520388,-1.9235233635670497,0
-0.09726460202020622,-0.9845929418203296,-0.3337788708388873,-1.7849258742965386,1.0957241344440802,0
-1.4548762627948064,0.7705780924870673,0.5336479953688871,-2.4856836577169457,-1.6872116686893834,0
1.2174367014344287,-1.6387283479773607,-0.5487491334148188,0.35168738584405346,2.1133705291126423,0
0.7737257725177221,-1.1247000286731024,0.7322345071326534,-0.09981503078352771,0.9360194976438831,0
-0.27350999048990665,-0.189562313659961,-0.8327052186054525,-1.273719893905257,-0.6677151540631909,0
1.244090693127923,-1.2209548447265137,-0.36158858057559284,0.6840434676558707,0.6286390316722434,0
0.7881391394369304,-1.6007925126104134,-0.20429533330183694,-0.4116111497424224,2.530660379440287,0
0.273397719044611,-0.7672032465287062,0.06863704842771541,-1.9631176598616733,-2.7595081395089274,0
0.6461137421398455,-1.150834923568278,0.21802509213256502,-0.3022703091086293,1.3199066546003595,0
-0.6284596455217699,0.08177332091330092,1.399283341270051,-1.5656163378340429,-0.6957192397369096,0
-1.2432605884888013,0.6178344309923696,0.62152184861589,-2.724574787470197,-2.794835918458793,0
1.5251706697855938,-1.7455213676657042,-1.249395203059528,0.03825125819709174,-0.013260728491810814,0
0.9680634175032947,-1.1469406974086291,-0.8650714271711278,0.1741649057132113,0.5870369333869534,0
0.47997611187927586,-0.7033660656499587,1.1646149903103564,-0.40767158202519604,-0.29149375537943056,0
-0.5368653181135785,-0.04083057208042895,0.9939297571216518,-1.3112016644191704,0.05427010092897033,0
1.1848297801277468,-1.765674666580245,-0.5481663559692463,0.19006635024387708,2.5552156970183892,0
-0.4898610935959801,-0.5613913976302897,-0.2395073687649446,-2.0710391924459746,0.5154226859346848,0
-1.3937910385777883,0.7108360928802411,0.47291708452549563,-1.7727533114519756,0.11453418029735052,0
0.8909715390667525,-1.2141897908963402,0.9902384537051827,-0.650569352914639,-0.7435003188936233,0
0.05077224456307075,-0.5349777825674633,-0.564981911032076,-1.9271049228843131,-2.530805241903038,0
-0.23896410142968866,0.6267816989933206,-0.858812727920689,0.9751723631380772,0.7095107586019449,1
-0.2455562235227659,-0.73352854535618,-0.30045486881775135,-1.7731158157037434,0.7111314980399737,0
0.6641261047857688,-1.15575951947373,-0.5615879353732794,-0.32707570231489813,1.171630592353682,0
0.9022389802228816,-1.477035342478596,-0.08560808947124605,-0.13679059304638364,1.9058968756561483,0
0.7309313092646309,-1.0972963808090996,1.745871336135157,-0.7878585494154312,-0.7423888337498041,0
2.3089876582743813,-2.431836601421705,0.2963644392546358,0.9642917663400437,1.2394661523871684,0
1.2164860393905175,-1.230590722048249,1.9928326252700297,0.6572205403502023,0.7768223023348646,0
1.311182984900115,-1.7615358631825666,0.20971329919736692,0.4189884791672136,2.363300874531902,0
0.2536261121979565,-0.7098064557926385,-0.9851944027873477,-0.702072002904693,0.34896498707669865,0
1.6307264795621832,-1.8291851448241134,-1.4627663071111208,-0.16393842824480787,-0.743147095955878,0
0.780494441095566,-1.3618952105243491,0.5108629891483177,-0.2853664575860956,1.6541927602929065,0
0.9444110676583178,-1.3220284289473705,-0.30136312044018576,-1.174395571069018,-1.8691175170571135,0
1.8484265159368467,-1.9369748097218291,-0.9082061822885704,0.5021066687548614,0.23704220429196665,0
-1.4540819060577344,0.7263014189508727,-0.35071044462349615,-2.8255637264107167,-2.346485052804451,0
1.2216878986349746,-1.403825230749223,-0.21339221860714852,0.5469370969348255,1.3655851426765793,0
0.4010107750983398,-0.9852769439648149,0.8209668843684006,-0.6436243867368592,1.0502469419531621,0
2.3866378774802888,-2.5913088409976517,-0.015917845002242307,0.07774682527380583,-0.7086392178230079,0
0.2896344165172666,-1.4941128923682137,-1.1784403468600457,-1.3453839053049363,2.563260439882315,0
0.7075345549335756,-1.1948988317765192,0.5233950169020153,-0.21761483328830478,1.3986769377239359,0
1.325687263456331,-1.5990629392298916,1.2046744399937044,-0.25244652043318705,-0.32772351310023895,0
-0.5850679728107718,0.05995454437195469,0.2886321508983798,-1.0352403109268087,0.5385371477290166,0
-1.4096652512626986,0.6894657668239002,1.569866436259967,-2.7583620667265674,-2.247862898936403,0
0.3461492793432436,-0.8151701203138297,0.09697017676084972,-1.1680169951883363,-0.8760013137268476,0
0.2654441145392603,-1.0610023754372775,0.3409526902216264,-1.0079311005284644,1.3202060642274587,0
0.26605744941351356,-0.6348329035379563,0.022203934542636587,-0.8611273591424529,-0.5343761561562937,0
0.8641171500441347,-1.2635861870040084,1.4458646596420308,-0.53001883253843,-0.0070665311809196,0
0.11333199598007256,-0.8625189226908976,0.3382524875291783,-1.2649417471225426,0.5332402051987121,0
-0.13845240114426266,-0.7014768549395722,-1.3889081710291074,-1.4760840636483685,0.6674641770557428,0
-0.177884578295968,0.38117318843294035,-0.21257862798856803,0.7091889303112835,0.9321634665159874,1
-0.1327576965952944,-0.4592345259485554,-1.245593911614555,-1.4068965755287075,-0.456370436723442,0
0.5490047039506145,-0.9725452895616978,0.9495229179610088,-1.9366051065684216,-3.287784369168261,0
0.6005303519754083,-1.4220483908983765,0.9280450710056922,-0.7162345519102827,1.938535443864741,0
0.07092154805582201,-0.5449134879110716,-0.24624212194871742,-1.180337487273444,-0.6532610848409083,0
-0.07060376296245956,-1.0723792135836505,-0.7276723548562242,-1.74289146528087,1.5035889234703963,0
0.26927378664921353,-0.7076416346977515,-1.6255993666594517,-1.2669912049495728,-1.2309155923506403,0
0.532125674389294,-0.9073866927286769,0.05976783737328261,-0.5225687448330332,0.16149209435361112,0
-0.16982633751324264,-0.6531013116714501,0.25258992737909125,-1.5142587671113863,0.5048608760035539,0
0.8524968981916878,-0.8354073672373724,1.7467389375083464,0.26696980327071573,-0.10197779081273506,0
2.5342762306654443,-2.7553079865327206,1.8065162106620096,0.4964704923327832,0.3465495333984969,0
0.9922549756993047,-1.1983713659868975,0.31963267591747646,-0.1267444971166516,-0.0751783964234517,0
0.04792408578682502,-0.4524559390581725,-0.38193227172536476,-1.3258586766727933,-1.3777874766237668,0
0.8016044538387254,-1.1416455889318562,-1.621394156122169,-1.303695735528188,-2.284606546827808,0
0.13667257502336155,-0.7190294183321287,-0.7792955995214319,-1.0719463819702013,0.1427924922404582,0
-1.8843895356631724,1.058302118267505,0.024407339533162126,-2.1877175635965793,0.1902694197052075,0
1.1826436582434878,-1.3651373064012886,0.7289091555627822,0.5982835157460225,1.5338430091672488,0
0.05056117196859192,-0.5455720538941071,0.09412426778927614,-1.4279324058682485,-1.1719768602136758,0
-0.4985900226079423,0.9506878834784369,0.09018263749689953,0.9183695300274506,0.44027242000048783,1
1.2139511632889157,-1.6507233627483502,1.1162463905181252,0.09103538817098511,1.5175382899018666,0
1.1330430994369405,-1.4942919596529118,-1.4896374214361092,-0.6479663936270399,-0.7386276919741405,0
2.862240215350499,-2.847173064737399,0.9362090095799499,0.3310790304420841,-1.5950292944537372,0
0.20118532914767742,-0.8321733618865634,0.0005000650336295328,-0.9547154174395052,0.6498379319345267,0
-1.201445010624415,-0.1629980793908522,0.48178370786128394,-3.1975980744168497,-0.18984380177832327,0
-0.23462620751749325,-0.30697223876920465,-2.5108350014014515,-1.523209398121876,-0.9392026350770704,0
-0.3258835089075058,-0.676607438792899,-0.6793845698063502,-1.837463763402638,0.7327562684759674,0
0.43519179433762956,-0.9934284688325037,-0.657484937966344,-0.6470240214384384,0.876527962730904,0
-3.216725241851989,2.284361325425433,-1.3446490274694252,-3.470470699631946,-1.4908654190837263,0
0.2803118902843591,-1.3136578835710133,0.274741902746345,-1.2200311403178834,2.0009817069577145,0
-0.06601349775890403,-0.9941764963864087,-0.5899092978657563,-1.606060763265353,1.4227144514834726,0
0.06124454024739933,-0.8637340243874255,0.17255019180419026,-1.2967644198573414,0.7729263603971086,0
-0.724731686175426,1.4721459593875634,1.6845797460168992,1.2641259283601,-0.01776802029996616,1
-0.31847716410332017,-0.16555608508896613,-0.08392725487267538,-1.8598217214809414,-2.049221625241416,0
0.43362439341266185,-0.9344732366525217,-1.6553688814058016,-0.7172141013416362,0.393951706331795,0
1.145880777410494,-1.563452684351582,-1.4609249386516574,-1.4524586144082297,-2.552479880548989,0
-0.039648406622676366,-0.7874857507606685,0.2767229725883162,-1.4893206281352036,0.48372871232415926,0
1.207034335378871,-1.9510792511840007,0.07714478588312636,0.07821133677506409,3.1004132975273047,0
0.033404078553784904,-0.4115383103692959,-1.7967380129780532,-1.1286498029647107,-0.9896895131950221,0
2.3263646105545996,-2.4786583385500514,-0.8912169480418995,-0.018571751590200525,-1.1842974333734049,0
0.09972426027034724,-0.5862853652169937,-1.7645959092770471,-1.0230236311191239,-0.20099622180970722,0
0.9977165390232665,-1.2940411661722067,-0.302961376874301,-0.7919084927388207,-1.3418717614500302,0
0.7892241784092546,-1.7388641373239149,0.8442832280974177,-0.5080205071143302,2.9963059935822907,0
-0.5794408552500532,-0.07252349755287824,-0.8522016313215837,-1.565977665344107,-0.1855990128141266,0
0.3261421253520853,-0.9214019894638177,-1.4891464178991283,-1.378786214460921,-0.7474439782690536,0
0.17352217283586976,-1.0341140806295346,-1.9854610204177623,-1.2516624030824586,1.1017668541228072,0
-0.42856721081623933,-0.7095369966525602,-0.33637866311040404,-2.0632532767909884,0.9400066795158031,0
-0.13677330144548364,-0.4740206333031428,0.7601183762563611,-1.7113215032961042,-1.148529199451378,0
-0.41999527216331317,-0.14083989919395767,-0.01016572074277691,-1.4941782458405808,-0.608536558859313,0
0.885679882744114,-1.0549189336812617,-2.498493587871451,0.1730180956504772,0.6020192079046558,0
2.121385272427535,-2.3222133952661927,0.6983208157562021,-0.17059194029105829,-1.1560087658454377,0
-0.18938640409216387,-0.954455363900217,-0.241749638893447,-1.8785530724601407,1.2529915083530532,0
0.8661091999891019,-1.1622265060112802,0.18151333150755436,-0.10261257531413104,0.564382854706124,0
-0.18555338725626933,-0.5116534208378827,-0.5191573227936902,-1.5502842898522338,-0.23499852851919156,0
0.5100182022098672,-1.13911708353898,-0.23433491104206355,-0.7060296364257725,1.031836308229906,0
-1.1967017994869835,0.47693368304671857,-0.24032823743301487,-2.521902606529837,-1.810409621697242,0
-2.8287484444552797,1.8934690613473966,0.6082288953073121,-3.9505957101665934,-3.0504761660645565,0
0.216636396441948,-0.6906911787028123,1.3704096939838664,-0.8228349936328208,0.15841467998054348,0
-0.15717979261583367,-0.5320568216136912,-0.3587659360951468,-1.5181584729360988,-0.21656842862265435,0
1.3058529880432552,-1.6907221791023355,0.3406541364121413,-0.2805433643573819,0.1998747730575896,0
0.7884120033468415,-1.5165800005477035,0.8197283316910118,-0.4087545426683211,2.095053321844011,0
0.44178593348530765,-1.3490845639842117,-1.1998597221795984,-0.9818453576991093,1.827327452224785,0
0.3437125809333971,-0.666351099025489,-0.7707370597008625,-0.6022222378599471,-0.16544973808634778,0
-0.04311869675425079,-0.5737939745915117,-1.1459005899823282,-1.37559241815097,-0.31862192661673006,0
-1.2823347381892551,0.5560880571867248,-0.060917832770783234,-2.763998116797638,-2.336727948822344,0
3.151018926453942,-3.196874093251968,-1.555970026317907,0.9138889938874208,0.004381725971326578,0
0.5265579990253113,-0.920414631123545,0.37955030461222966,-1.1380101826777649,-1.3416964248111123,0
-0.7134111743708519,-0.11661268502960487,-0.11565356854823089,-2.22327373842229,-0.8553748502412863,0
-1.2011504145144294,1.5930934144080173,-0.09996977981690322,0.9004152079571619,1.2928421885534038,1
0.42123686533270044,-0.7967963635393114,1.0499941674505682,-1.226132440328914,-1.5798923261640416,0
1.390246884360456,-1.709868062992703,-0.8601926954224983,-0.22900334804576017,-0.07785301650257181,0
0.26747290185724526,-0.71618123376468,-0.2515808307655791,-1.59350182437225,-2.026872492702692,0
-1.8152710100446892,1.9079585185500818,-0.7604181998113736,0.7280097044082031,2.922270862230447,1
0.5574650177547844,-1.0478267447319043,-0.3326571805631725,-0.9440922980999545,-0.3557536369797697,0
0.48239629653320826,-0.8772269163092036,0.08079162972197933,-0.4129615082012643,0.591304714496687,0
0.6194353363503651,-0.9981985060023558,-1.079392457099354,-0.3627258861691891,0.5241867858679891,0
-0.013645710127339028,-0.7157207865229753,2.633537940031605,-1.3237778678886252,0.3814533731076172,0
0.9233349138694945,-1.298908410686387,-1.1501720603143877,0.24562172321300846,1.841593795653779,0
-0.011678236552889012,-0.9440919423444362,0.17252678292308982,-1.5835785675322196,0.8888644787530743,0
1.227115487632171,-1.5031311777628207,-1.109952837036249,-0.22877894780638053,-0.1702014044125122,0
1.0869239185333412,-1.4747620599843558,0.9965246338965807,-0.33604460847490203,0.25268432504705185,0
0.4117829642441324,0.5045110631842205,0.6207475552794239,2.2634364199245853,0.7587162002233784,1
0.8276264244172503,-1.536993519255057,0.7087186735179315,-0.29082212039631494,2.2715148569299908,0
1.0118940386022146,-1.6552814121980464,1.0045929091264905,-0.02748521521528635,2.459358637485388,0
1.8863116940991609,-2.140874986645429,-0.13414517626645758,-0.7285581425150968,-2.1342894672524837,0
1.0715629521905279,-1.3722524321935807,-1.692681615510937,0.008904054092214064,0.7084111086649136,0
0.11691292929226331,-0.7924188400046424,-1.9700004554188741,-1.1632827852556686,0.4092251692486464,0
0.5315306985407013,-1.0117904422603918,0.0001866646349733769,-1.05263080995408,-0.6702483127625585,0
1.7969939470772234,-1.9826390359557593,-0.3309781736136056,-0.3637877017645077,-1.4698187796222209,0
0.647557485298878,-0.990097284672683,2.501645035135113,-1.3272493266491106,-2.204873378429639,0
0.30256014932661446,-0.7344261238161129,-0.14507659570363216,-0.8201416989337578,-0.1271292163447909,0
0.11451829671664317,-0.45975564240853917,0.5334850768245277,-0.9176053469220987,-0.6790783870393655,0
0.9405367100726832,-1.232414500344743,0.34438421737853486,0.057974661443361386,0.8991511249808372,0
1.3604597177789697,-1.5429715833528475,0.7591785027052609,0.26316958138876223,0.5120104615622996,0
0.24601630438941471,-0.8814484235480786,0.1196002626671043,-0.988626495200021,0.5474079015771853,0
0.42783138660280806,-0.10351029151221625,0.15971772868210007,1.1087267562185361,0.8363211134795957,1
-0.6916588667072602,0.1524920810876702,-0.4924903908336654,-1.9682863831748159,-1.7328944377723294,0
0.7265938176921586,-1.2075666992350524,-0.5072714105938124,-0.3035492984602083,1.1251836152201018,0
1.197402071847781,-1.4402507163743676,-1.6722497745673186,-1.382467379239255,-3.3285666309518085,0
-0.025542797056562608,0.2351882315853734,0.5968621810742627,0.6056939109608075,0.5022381478378142,1
1.29657351865876,-1.4719915713653653,-0.7658600900863026,0.6247710871700984,1.4711254170682548,0
1.4264686258720563,-1.281536859275649,-0.03151232442302292,0.9758112306619395,0.5996501423664538,0
-0.3653546667034374,-0.2402365934093157,-1.0612935317114818,-2.4384710802192213,-2.882420359019049,0
0.055498214050366326,-0.8843798245083131,-0.6921522120768903,-1.2491025027254143,1.040357409236744,0
1.3246537693127667,-1.8355771248614485,-1.2646864317560584,0.35580640602099844,2.504781483159694,0
1.0812485020985005,-1.0831182414003917,-1.1493716102158729,0.4731008819896301,0.344878710817591,0
0.24223978145582736,-0.9893311115580636,0.2448193738945395,-1.0457008569786699,0.9869410003587562,0
0.20643655092139102,-0.639047951955597,-1.0843712084571229,-1.1509362865137254,-0.9061343048635383,0
0.4861089865218416,-0.8955569250427464,-0.719006667681404,-0.8666557262304035,-0.5185583198123258,0
1.0760555582564235,-1.6496189390707818,0.5428283512706765,0.05322355822209124,2.250549009078408,0
0.4804649912931591,-0.8767625071428788,-0.7219633271251292,-0.9956449263903043,-0.9192430587236745,0
0.24296642796759033,-1.0065080281417018,0.10207491624738367,-1.066325329145061,1.0187653504531047,0
-0.19124819747116437,-0.47820174891454736,-1.5613523357772998,-1.5054854527195611,-0.258900871648607,0
1.0742589831950569,-0.8662834645469855,1.9015592551136702,0.6258006070416566,-0.3509227441246654,0
-0.191042426082329,-0.6445336367475303,-1.7204456102367125,-1.5699665069249171,0.44349117803349636,0
1.0487970205876793,-1.3253511985637747,-0.6544018951685149,-0.8800728268086511,-1.7179298245283072,0
0.5591680823976279,-0.9030192489144411,-0.18561746791792078,-0.34812825787907065,0.4293760848754783,0
0.4089624738921737,-1.3826262438566146,-0.7601894489620864,-1.0029808984142456,2.1473412815407165,0
0.806920586157241,-1.6725022633792817,-0.7067297635192396,-0.4839483617589032,2.6037894229039606,0
-0.3100258679204354,-0.15050651904605805,-0.36010595263818695,-1.2198902010609065,-0.5102627294627136,0
-0.29886125675220276,-0.6940539160417029,-1.4494197291774182,-1.807538315679411,0.7381548475198485,0
1.5908007196651799,-1.824791538659091,0.08432382724223389,-0.2473358260308085,-0.741240730744287,0
0.49666845934473414,-1.0807902740293862,-1.2975096399822306,-0.6125397331222744,1.0510415619428939,0
-0.2396412067604544,-0.644042210538683,-1.7381116395453866,-1.6438364149600684,0.5433722753100763,0
0.6309134825158847,-1.2473901146731492,0.44350172058452486,-0.45536568668339517,1.5189853236679043,0
1.1115342478842138,-1.454670426819038,-0.978322207591943,-0.6020057274038233,-0.6958019150304345,0
0.02718420476697028,-0.739862700759863,0.6084420694741921,-1.296042614384402,0.3323808442828483,0
0.05967205626717772,-0.4959852403972804,0.01631560168577677,-1.6759934525269862,-2.1342462731518923,0
1.3322841174608675,-1.670809619662014,1.197186484622428,-1.154314678024661,-2.3441119947608797,0
0.2576843894227652,-1.1942351845005814,-1.3440446284718441,-1.124097331649638,1.7626694800708158,0
0.5530069883107187,-1.20121700344724,1.6221931015494289,-0.6386335207588683,1.2720599723242116,0
0.6955269456497226,-1.2671322670174674,-0.010937837016195572,-0.35532559714071044,1.4910126087746256,0
-0.47984183309761724,-0.09396889529367003,-1.4211531401456212,-2.4162103630226954,-2.895751753711531,0
0.20120090268298277,-1.0275172634720102,0.4033003902452816,-1.1026960114378188,1.2876558843506956,0
0.5841988478778285,-1.6685544508394035,-0.4927727282429369,-0.8564705720669399,2.963995242031567,0
0.8260885678374885,-1.2069009394127748,1.0104138262506557,-0.011722010905850233,1.2786601324536067,0
0.009733791154911329,-0.7426320516673055,1.1446062820500897,-1.221839840529362,0.6464178213127493,0
1.5725756873818166,-1.6188968848280891,0.7450305629127996,0.9762502414096541,1.4817789473548402,0
0.38566349440198944,-1.354977768451978,-0.37366207826417036,-1.0139963532106997,2.1151816107215673,0
2.6430356702798568,-2.737564768232902,1.8627464923572625,0.4702279320911764,-0.4753866281711603,0
-0.48140957311138716,-0.9108514138046584,0.25499675067459876,-2.39312765199673,1.4556774520385076,0
-0.03843109349965912,-0.8882126395758374,0.11127676805327562,-1.4987001070032333,0.9798324717846417,0
-0.11806484438145501,-0.5582800671383306,0.286194759048022,-1.3834708603183734,0.034652353766310595,0
-0.17573229781770955,-1.0321714064274123,0.6100231697844505,-1.8922247710555193,1.54176061148193,0
-0.2688069990650102,-0.8685507023925064,-0.5026196138317597,-1.9199039445403707,1.1771767651078258,0
2.1133815272070553,-2.3123325566455493,-1.4091069277559771,-0.4932935580809774,-2.0009120855918234,0
1.1030358823777453,-1.469970980268612,0.6494973648592396,-1.3954030028419726,-2.6334517838188325,0
-1.61020953194366,0.8879059984614048,0.5957022501755148,-3.017801658094593,-2.7468141337247074,0
1.4449358558224903,-1.7582895121606075,0.028012915358889258,-0.18729692492281003,-0.04738698671547292,0
0.13287864668369934,-0.6676354020678977,1.1438367264203908,-0.9984073360660615,0.08826576532353336,0
0.82273593094131,-1.057657770793801,1.8272615049570138,-0.41463450658928236,-0.5341764508381681,0
-0.8048465106365871,0.14913162967104276,0.4730509282332128,-3.0230046814928797,-3.7789777637500914,0
0.13878416768336113,-1.3379821216371095,0.3497695206060582,-1.5277057975887172,2.1854379241529873,0
0.9254764876043617,-1.1096492747839761,-0.9202385297763772,0.07954668421267086,0.40340213424485294,0
0.08337397570256684,-1.0258128956197483,1.1154332973811345,-1.2880384421849216,1.510835522093961,0
0.3914411397028929,-0.8171080521423296,-2.064957387584735,-0.6366277266446134,0.24515260050980026,0
0.4158461095487056,-1.1138235520222182,2.5546863259021158,-0.8291118995507039,1.1501159103157768,0
-0.36115063927646873,-0.1076275918526558,-0.6382769656971474,-0.7867921499690402,0.7051335814054167,0
-1.4838893345616415,-0.06386836320071354,-1.1748413083829365,-3.664032528969812,-0.21080197729027472,0
-0.10092223408983524,-0.8406538289558734,-0.4879933162072253,-1.6671357237328814,0.6707156878223496,0
-0.5026452700078963,0.27932474847123356,1.183227173712846,0.05950565969523036,1.743640998225812,1
0.7765252034882488,-1.241804677843671,1.4432895536319423,-0.2128831187577206,1.237903301831988,0
0.5284387239180556,-1.019966666496119,1.5187183527167938,-1.1201200608686328,-0.7846508500213942,0
1.1042489549465566,-1.438925687909454,-0.18241813553953884,0.4517877510701829,2.0145766983804574,0
0.3725175879689765,-1.0346629390524267,0.5317448831256588,-0.859307037905047,0.9195647359176339,0
-0.265955289357337,0.41891089285946737,1.8438986920019504,0.8866233812149786,1.732016412528294,1
0.7146143982723976,-1.1530635759483219,0.7172835811587757,-1.0270784140079983,-0.9749624727373724,0
0.06111491146129979,-0.811721156106507,1.366154628273648,-1.2866625580377558,0.5274366245257189,0
1.6432646463273954,-1.8465245729015254,-1.1326637535596475,0.21421521084496042,0.25795170723473326,0
0.4829845997694743,-0.9518885927732685,-1.2334975839449034,-0.956684954876547,-0.43914876432617855,0
0.5963162502149666,-0.974403487182129,-1.5630894981604142,-0.09520341703843105,1.237656928440257,0
1.789768851376312,-2.004634957413902,2.441504342169468,-0.7813529541973633,-2.3998058370335578,0
0.38230556775300706,-1.4079138781853247,1.970864270717799,-1.1615764169078322,2.0280988573946477,0
1.0633622465634545,-0.6596966535937215,0.33869836883918525,1.6277253340647566,1.2457946686069208,1
-0.4250448864708233,0.6728611011945386,-0.12673603578590625,0.7376009769700136,0.9783654421560609,1
0.4711628782519656,-1.1578704078712918,-0.5619462476951015,-0.7960733288589964,1.1312311100533297,0
0.014755263821902892,-1.0492761058802778,-0.28026910446356673,-1.5585686786626298,1.344895252007818,0
-1.8538297486399002,2.3140503532007073,1.177544724769586,1.239649426667874,2.3624337482351905,1
0.25684834665171513,-1.1831195665683232,-0.2690165464148226,-1.2287896620511602,1.436409801568597,0
0.6299344045901195,-1.3016905709267805,1.698092906333733,-0.4068533312165833,1.9360849292255482,0
0.4976291858397695,-0.8168488788644651,0.6627258265192667,-0.5749960164112475,-0.24031805454980149,0
0.9792575068004837,-1.7243949376115377,-0.6302864440651417,-0.14478037557934065,2.7138696531268076,0
1.1367661904158834,-1.429499527227523,-0.12889918411818965,-0.9537074432299522,-1.898327662513297,0
-0.34562043779970864,-0.6867954001484311,-1.0122733568370152,-2.00848444240115,0.45993521913936286,0
-1.8964509020717526,1.1760526507585305,0.8074618356124449,-2.352305791978882,-0.7829777963615959,0
0.6317030680332096,-0.9893262822727026,0.6186301201097418,-0.3225254147766601,0.5080391055574863,0
-0.31758726965017636,-0.6683464963487606,-0.65695517639841,-1.95715599319408,0.32687500073883724,0
0.8698352048735023,-1.3735663632183297,-0.3670704059816724,-1.3626329227698968,-1.63707793869601,0
1.3542366565987012,-1.7889395275004292,0.6526464071770783,0.4796375467704943,2.403670943608943,0
-0.19539226633025886,-1.023708577860566,-1.8460482504440554,-1.9945569953001643,1.349877342058434,0
1.208736346043848,-1.550026031234081,1.3147798255965035,-1.4388176746850516,-2.968991026158798,0
0.6317419795286492,-1.0347436397963052,-0.10648788318054717,-0.9010001449424337,-0.7630059673671099,0
0.5811682387534775,-1.1419564793459778,1.0146453864394118,-0.4128094151887586,1.3794529805226172,0
1.8453918630090376,-2.09718160306405,-0.5690273622751935,0.13439953391628046,0.1360885656595623,0
-0.0834735431808768,-0.47449730643852694,1.5452571697547433,-1.6458695393345253,-1.2989931290618975,0
0.4474965999814854,-1.180905129735172,1.182234028938315,-0.7571198877705918,1.4972950273418908,0
-0.6050341314991899,1.5195948234657883,-0.1946766623579972,1.6491357898279646,0.01085739036624045,1
3.283541560368819,-3.266385289280192,1.0932371075822098,0.8690449671668039,-0.5530398559625106,0
0.5419288155132529,-1.1560310098004314,0.17698631145506066,-0.5933816076768068,1.2205264208368656,0
2.0104123064827975,-2.424795509611788,-1.4040012963810977,0.07972480180581998,0.7085179817258298,1
2.372136905227183,-2.486194382576696,-0.8071399829793362,0.5268692030732209,-6.685487037483284e-05,0
0.0849296341564625,-0.7718740087153553,-0.5908170987358049,-1.2132540752917662,0.3654278685638993,0
-0.24374100946092775,-0.8438610634345459,-0.3496149900355497,-1.9065150692257287,0.9304653438436487,0
0.6574688203037855,-1.2161419031561065,-0.8333735587954348,-0.4235837175467072,1.2768280183910155,0
0.960128939733573,-1.1219350847516436,1.2083478175735631,0.30874618229089323,0.8551900072553853,0
1.5922499785606026,-1.8773608420177683,-0.8841584799437681,-0.7968901875554544,-1.907929242222899,0
0.6627090656527758,-0.9661975102827548,-0.20372712804159823,-1.398947260085467,-2.6091716722757545,0
0.6312096521479271,-1.5347469522730472,-1.0676348506009778,-0.7237020542798579,2.32345632444234,0
-0.0665349785958407,-1.103109636776538,0.08528423349335175,-1.7958604317913034,1.5017919397286104,0
0.5005248289205576,-1.3870679451427288,1.4014290022660747,-0.7197124037609649,2.3534369314466446,0
-0.28037531958163087,-0.9375273698219775,-0.6859980417194214,-1.9242558320742051,1.597620888432331,0
-0.385113464942142,-0.19900091407269827,-0.20902109965135976,-1.6458362372472801,-0.911095596538668,0
1.1339871457115225,-1.2840442812348842,-0.4759886023863676,0.5072565823171351,1.1668488184054446,0
1.8329570873101488,-2.037723022701151,1.229774224521937,0.5832940087256191,1.070824573525814,0
1.0563398615057613,-1.4432626935438668,-0.5721940702934435,-1.0655639430722428,-1.6295277682659979,0
0.795916998481753,-1.501908069226574,-0.5422823377626642,-0.37596739516436994,2.058093471204001,0
0.46614851503637433,-1.0223462789695403,2.444582752582506,-0.7178379171934972,0.6553966098333095,0
0.17671726945132743,-0.7170315550561763,0.25216735047557565,-0.9718470066008701,0.1502274769112527,0
0.3091076334886547,-0.9870685725686438,-0.29859673760962646,-1.0009650722096746,0.6856867513969973,0
-0.10523666618374243,-0.3976220579370978,-1.1956237708552124,-1.1962012732372378,-0.3968783939559746,0
-1.5249338984489162,0.7688737338318861,0.029102708325022607,-2.888778209343389,-2.30423692058229,0
-0.508011969014724,-0.051999793781004944,-1.7794294488516276,-1.09140124271207,0.5109066480715965,0
0.6664219230441022,-0.9101777554038026,0.2871333541229858,-0.08263016740155005,0.5080676715180338,0
0.7230494378068755,-1.5035096585210002,0.9016233760593639,-0.42754529756719384,2.3744723304232274,0
0.14812520162543805,-1.4381549121550794,0.15187760961393976,-1.6162100145717635,2.422917839528302,0
-0.45418401654338214,-0.5875237304805121,-0.797813748337336,-2.1349289697303178,0.26908549326530284,0
0.22888839981940737,-0.901215104063293,-1.9321671625260497,-0.887292868773089,1.0193447996694749,0
-0.20147804681615314,-0.6262402311077633,0.8089247222790114,-1.6986323704565502,0.07537493329528389,0
1.9545902259720238,-2.1489623905433044,0.8642436147342264,0.42793343031342057,0.5099867396065809,0
0.5104994283036327,-0.8809563850649706,-1.1788166402247968,-0.5181291443044587,0.1658713162125568,0
-1.3080370564986825,2.2452302421761248,-0.2702767610101646,1.6464735132379564,0.4697510467758572,1
3.1432477566843335,-3.1796512385325864,1.5133362783557256,1.3501880595691995,1.0993220173440097,0
-0.7030732715564747,-1.07084532980577,-0.8312707739523109,-2.892195619381578,2.3386850724006027,0
0.9249343904093033,-0.5437382227714519,-1.3938310438129229,1.5663976587841484,1.3186913227606882,1
0.7404616039030991,-1.181019966386438,0.4788187482130753,-1.875127525037414,-3.197404884119787,0
2.010337572849083,-2.1722227938847785,0.1634054740224038,-0.04910560175640466,-0.9509262104987422,0
1.9213773451102454,-2.1252788434857153,-0.5540552934127837,0.6349603673231423,1.1275462463449804,1
-0.34643158446049627,-0.15887905989461604,-0.24936410162594572,-0.8945038627704055,0.6034316832696274,0
0.8643683961749971,-1.043860673040802,-0.7578561960058762,0.20278802623484293,0.7511300798336626,0
1.0833058849337596,-1.3726718310504764,-0.8332949582424903,-0.476700823368879,-0.6273316419847623,0
0.9273319935210436,-1.081044115398407,-0.5951034386477235,0.2635932688101994,0.7222573828256604,0
-0.08786075790940454,-0.5348683922495732,1.0951604117202318,-1.4531438629145916,-0.4532181779208675,0
-0.7665440804505259,0.12512097809072764,0.23538826054801248,-1.706142756598949,-0.4508958305772671,0
0.5463084065897219,-1.031774190186735,0.07587738995981268,-0.5447055450985339,0.669600017322981,0
2.900476730802649,-2.9595264587136594,0.7439016768802931,1.2222209490231175,1.0860759024150277,0
1.8693509433147626,-1.9861981131490953,0.9160103197910902,0.44527728412277456,0.21974396607168,0
-0.5914184392073225,0.029858264575895577,1.1833238104431567,-2.2599435217446926,-2.4596014544064615,0
0.1776471218780014,-1.3774834760711219,1.4003997947952824,-1.541557580075244,2.1203437229265782,0
0.2603574372388775,-1.163994885979744,-0.775034189423724,-1.1216712584090311,1.5942594480396888,0
-1.6157734049949448,1.4093376879056678,-1.702128706538388,0.3929415727417086,3.4502949833583383,1
1.4156490661191203,-1.251506532246416,-1.1687410284931263,1.2450745552396547,1.2102848145231089,1
-0.560590367399006,-0.13519618585902027,1.8065346714593336,-2.885272605038266,-3.41275909499925,0
1.2919894428058036,-1.308140462208378,-0.828397454793649,0.9392718572034755,1.460464282123959,1
2.4745181265603002,-2.6257875468737293,-0.4678221828322661,0.1296005436239871,-0.92635383773083,0
-0.42005320442706123,1.3724619962684181,1.5753894740561654,1.5515241120637893,-0.5959197661475757,1
0.6089574356697067,-0.5855235119132689,-1.3121824775277826,0.57907254450561,0.881316255790948,1
1.3414821752655894,-1.5488157776480005,-0.39814201058847004,-0.07673257353988616,-0.22869214472001909,0
1.0202920226592047,-0.8684070218109916,0.2820026250168557,0.8680653344870709,0.6198549558145092,1
-0.3315400714995188,-0.7000038016683181,-2.1148662950169905,-2.0067082061117856,0.44829163952637063,0
0.3532004588932272,-1.139014449586767,-0.5038467528248772,-0.9080067945981154,1.4568095481298011,0
-1.0498945216262565,0.4445179340055818,0.3388915982185217,-2.5633423666822512,-2.6401371659256183,0
-0.24218146988416173,-0.5587633109509094,-2.185296847334906,-1.607309309105049,0.20708400823803585,0
0.3267146640580319,-0.7498603949848086,-1.6644767353332222,-1.0197103882173082,-0.7134631538244525,0
-0.9020372505594242,-0.25235489823314994,0.836328719335456,-2.7784699905129178,-0.44651919268166074,0
-0.496646304976049,-0.38649569064730893,0.3191602900919905,-1.9444650955787486,-0.02994008731774045,0
-0.9137742443019813,-0.23670721964595676,-0.6421946525342711,-2.7825380969942017,-0.4678701801093552,0
0.5404965842728946,-0.9531133915149985,-0.9954036030247475,-0.8395485973584221,-0.47646082856792393,0
0.6771827373527064,-1.3526240865404469,1.2823634741156038,-0.4854900686992475,1.7110071736383934,0
0.868616916085457,-1.396405429757166,1.2102435005068763,-0.18092213938303003,1.5723469861713235,0
1.2992033665389735,-1.7271128314749131,0.9599566744337453,0.4297317149826865,2.2836452182338194,0
-0.46283192393348394,-0.8442067049322597,2.2784019865292278,-2.2868664252573696,1.2707045837265112,0
0.3974174675612745,-1.2437742413060655,-0.791709350567595,-0.8228733345546022,1.959441831036519,0
-0.0684584597936087,-0.8937584744257291,-0.37418027599018366,-1.5898586032637878,0.9534809484484398,0
0.5957332006648296,-1.214505977113189,1.205956017904542,-0.6035040886641265,1.1738721915683532,0
-0.7682756451816829,1.216704784323886,1.7046510059281352,1.0508233159737896,1.0292005552939643,1
-0.4975796726019215,1.0227207910832452,0.33972385937475696,1.0846318889182645,0.4902456073232383,1
0.6901767221860875,-0.23026839312941993,-0.566128588607568,1.2826797244174508,0.3612589324575195,1
-0.49471160298718886,-0.5994892738874729,1.2237103406692909,-2.2225832614043064,0.34928992401750536,0
0.1507498291553303,-0.5678411555959215,1.621226879726228,-1.3166145972884604,-1.3733328519891144,0
-0.23657979818520644,-0.2567427852832168,-0.7048221709979829,-2.275634482647338,-3.153204863893591,0
0.9239524154661378,-1.336769406159918,0.008828138267394708,-1.378048510996809,-2.1988072719177603,0
0.35358087688830375,-0.8364881473979977,0.12407272571949352,-1.5218841795870688,-1.7324033338823084,0
2.359696027520053,-2.56588998972221,0.3980280299618697,-0.2108398622763482,-1.430992374540054,0
0.9935816662109596,-1.307852897918825,1.029882539130331,-0.4344534630548832,-0.31199895845832215,0
0.739826575629119,-0.1661563779701407,0.5956440575697195,1.7705675240382164,0.9962784629096268,1
0.20138939915135817,-0.7477411013965528,1.9511420482977946,-0.9427905312009739,0.2371500827378341,0
1.935540734833557,-2.112254223954658,1.5042142828299232,-0.2432167420946676,-1.317328407128208,0
0.09390452015345639,-1.047786850255247,1.3791625881974978,-1.4087404054724666,1.247228426109268,0
-1.060416322560907,0.4984326588504391,-1.1079830420429075,-1.624477061832713,-0.409944941816502,0
0.30440735388393136,-1.1343352862977811,1.2548119434691696,-0.9977128334976534,1.4946145081858453,0
1.9798121930100967,-2.1074405833234375,-0.2920085455130258,-0.504516553720304,-2.292976569151125,0
0.9434566448077041,-1.203031867878999,-0.6754811770399278,0.11130110854565656,0.8665032227105167,0
-0.5053915720481654,-0.1506201720751006,0.015227020617449225,-1.5330960523190846,-0.14018129589474793,0
0.611795064018137,-1.0310670437004497,-1.0585037209958124,-0.682212493420253,-0.09046656554012966,0
-0.0904205055898002,0.43756048872773,1.0779017394533252,0.50446262536444,-0.4285496053513267,1
1.6220290659991112,-1.7006687675198862,0.9425452284534718,0.16740864980711478,-0.4996798112535734,0
0.93023663856722,-1.2491703750823735,1.4555808184893537,-0.69524067423368,-0.9151205243304557,0
-0.19774808060906357,-0.6498560312578778,-0.08338014443846556,-1.6952065086299957,0.18544160589334213,0
-0.2845599072976531,-0.24533285631915314,-0.2641710099153342,-1.7579171688469657,-1.5712439530976128,0
0.5510898361679607,-1.038800743256245,1.2024777476530082,-0.4999204608353873,0.7942078181822039,0
1.131109221400419,-1.5669556855597397,-2.2562499347482268,0.2527659592195064,2.0034095172994584,0
1.002300811524438,-1.3074670755425892,1.5094576934076902,-0.9403027256038022,-1.6864035702007114,0
-0.14100423528584327,-0.36345374135087105,0.9994190326779112,-1.3923352732215795,-0.8703453409455932,0
0.3393618905840299,-0.8184691141208142,0.346636196565839,-0.986038007033779,-0.3428256079482783,0
0.3469274579319966,-1.3953261909328758,-1.2506960629882262,-1.1611536335709445,2.1780707720942174,0
-0.5124178291501643,0.05708869605482292,-0.29225521544384025,-1.7353812670258022,-1.7138509731840488,0
0.4086565104239742,-0.8490899609806286,0.22035182927354544,-1.8921719014570695,-2.966659417773955,0
-0.6483281857104479,0.12003978693190342,-2.5884166322041997,-1.6347159064126533,-0.9558696492057249,0
1.6632149459603558,-1.8409710055764616,-0.5739300079673577,-0.5170848530412412,-1.7997999289002116,0
0.9640047719121102,-1.4301728615447349,0.6546766174823133,0.07457753175216153,1.8364911615848674,0
1.0177674155988226,-1.3258078157249833,-0.561782494830015,-0.6498319577028946,-0.9265480805725728,0
0.0024673987041837465,-0.7604616493410828,-0.019468699077097074,-1.2463367933880218,0.7201033403014343,0
-0.05644987357074635,-0.5473652081256671,-0.24015281230749122,-1.298140160341676,-0.1741671912257412,0
0.2813147676347169,0.059317856280915904,-0.5461110027385696,0.9428187190555481,0.43988958643145293,1
-0.5113888319400007,-0.04298395753039963,-0.25295169922576405,-2.206171258258826,-2.42355279876411,0
2.4049877307864693,-2.6096775869977256,0.7870308368716137,-0.6472634773382389,-2.6148764811023897,0
0.14251381712791686,-0.956753264751761,-0.8533033068263332,-1.1542296199806268,1.1387284858179911,0
-0.5102714060416078,-0.8003365667967894,1.1418532448109715,-2.327373406523097,1.223197460809666,0
0.5165448367721427,-0.7877212531612626,0.6764418164947713,-0.41946638776974565,-0.10218805077435267,0
0.7705885285621763,-1.272373826418176,0.6583925119224902,-0.8384387083404616,-0.197483077392419,0
0.31696941474554086,-1.0672110841058653,-0.23937685150891483,-1.021022624373667,1.005693887932935,0
1.1842882852263714,-1.4855800900678908,-0.2101669077919015,0.43700032432374214,1.7344748415923361,0
0.5864956777806556,-1.233213166126983,1.7666554892914357,-0.5746363414440465,1.4033218986606517,0
0.5469213070403728,-0.8094103470854732,0.00946519402268165,-0.23114710540171146,0.31822496321334715,0
0.21962407099002948,-0.715769673898651,1.4067808557880386,-1.204296651835318,-0.7232653422536267,0
-0.42249671608149253,-0.9495274205050679,-1.8259842416276302,-2.2041923791070612,1.7934357281757904,0
-0.3994599745310624,0.03984341402353153,1.1606990035971831,-1.5341338740963435,-1.7845176117199144,0
0.9377017815964875,-1.2800234052081467,0.3788105294965933,-0.4471278277030183,-0.15157391240711127,0
2.2228020755073983,-2.3571014350178716,1.1645834712019478,0.3535635927741767,-0.2218556266402718,0
1.5848309501978286,-1.7283220716678707,-1.0359109850124564,-0.004530182189541487,-0.5773108753923452,0
0.0636147995640335,-0.9636617129190682,1.1029277327426599,-1.4012427236229323,1.0097883727357313,0
0.5131871124234171,-1.3387515262159717,1.2411473438787268,-0.8303520826147985,1.7347020204960195,0
-0.2824729084692582,-0.29113662477737223,-0.8979876415443887,-1.0497844658580264,0.503220788636604,0
0.28057249223715575,-0.6593705667993599,2.414217312238733,-1.3179189715866082,-1.6853823692920389,0
0.5271947281196622,-1.234894115766931,-0.3775546564089599,-0.66412016399496,1.538856170925695,0
0.7570911474629457,-1.0816121097360651,1.3798386997400571,-0.008098743080953152,1.050422148088957,0
0.33198900853854374,-0.7715891888539803,0.42321237445701776,-1.19821428268846,-1.097202549573774,0
0.1628342976999568,0.5367763495872528,0.02925147970187543,1.1069377863371483,-0.9151156805190894,1
-0.397405742500551,-0.9874535333688094,-0.7150218680302427,-2.312391735963523,1.5576292428556147,0
0.759682361416263,-1.1071804882018421,-0.6053929239275391,-1.041566644592806,-1.5269428451618658,0
-0.10552765416285345,0.6775858951606228,0.5068774563905613,1.134326760654311,0.04800418890321745,1
-0.35336680917144525,-0.23549746653354542,-0.2278879815506622,-1.9931124428964744,-1.8184104810546242,0
-0.4404842920626818,-0.8622260347221455,-1.137687456550734,-2.307601439455537,1.1753540662325708,0
0.5438160854216051,-1.2129865287689163,-1.733826354483668,-0.6454098979559886,1.3718903580449604,0
2.0662817531241653,-2.2162661263068477,-0.10735479071401643,0.08157082856136788,-0.7189659924678521,0
-1.489915905803631,0.6689159106428184,-0.14311573696377775,-3.097123016653903,-2.5364035122499757,0
-1.5970450981925153,0.957777197455272,-0.6119221214117702,-3.088039078287111,-3.3761949975661265,0
1.3853646173744243,-1.7062130205506214,0.48500129152322796,-0.12816643961557528,0.1956564743340583,0
0.1500440474261368,-0.6983597787761864,0.6084077537992262,-0.9971742913232994,0.14828046951143814,0
2.1200786546606323,-2.3068077432307064,0.15964776940790298,0.13384567704091754,-0.4347429368657705,0
1.7674139662705044,-2.054231298838764,-0.9281426382790505,-0.3472317547134016,-0.8717470414077104,0
0.5535819049318225,-1.0070868651110874,-1.3854282681144907,-0.7179817046371483,0.044065013026687305,0
0.7647837917700281,-1.0956788631973133,-0.6302185531976071,-0.15086661728938977,0.7050480165017294,0
0.7076063624746689,-1.1702890022536487,-0.5382361859911543,-0.26494131620035,1.1458040826873095,0
1.164533210265725,-1.1773528685908332,0.559577061510467,0.515924792419229,0.4447309121250733,0
1.1101823894524379,-1.4375769166355008,0.5533635687726227,-0.07396759853953938,0.6001200782433593,0
0.1013565815324685,-0.5736018048909401,0.06416712562467415,-1.0525032160807277,-0.3542832654876039,0
-0.5844790596701183,0.05177091648643661,-1.6698676666737307,-1.9380648425257565,-1.7770268689932165,0
1.0359697724380632,-1.43909532298459,-1.632602745687323,0.18103146880982957,1.7238913070658737,0
1.0788989435679823,-1.9933223886220441,-2.2481428867921633,-0.3173554082596618,3.0682080861936205,0
-0.03002148188216949,-1.1945650500207203,0.51651728439791,-1.7593886913348178,1.8545450050141552,0
0.25464590020257744,-0.8927597372356199,0.6052237010182555,-0.9017246864180154,0.780959959488987,0
0.15689757037914712,-0.16151212683224636,-0.5219067501050294,0.4362200028221651,1.0315592847510935,1
1.1870520596877405,-1.3170673339265813,-1.069960156592582,0.6184453071929544,1.3077008320257835,1
0.7120979717138721,-1.1173534449922344,-0.8135303493662359,-0.2633800043832899,0.8451370073593807,0
2.233620138951334,-2.3436822391421313,-0.40863591253667014,0.3890276002403974,-0.26538698888598444,0
0.21092491373897435,-0.8160358288407166,-0.37670042990356545,-0.9235961215966593,0.587275334024754,0
-0.6633140243061266,0.5087946516868243,-0.6741905603382268,0.4430434906317531,2.516997330019575,1
0.8711693127018301,-1.1884376037521998,0.1989496964833095,-0.5050802733713968,-0.37873742348240025,0
0.5866190951401982,-0.8020099745791215,0.6283820360376229,-0.1753862437297694,0.18379899607769123,0
0.770018998416945,-1.4182310442199235,-1.0692868554188253,-0.3635238774429631,1.8092322005386592,0
0.8066064212827877,-1.3668657146002265,-0.45310586798071245,-0.24596189871342378,1.624451185711591,0
0.1288673536084484,-0.6978112333408057,-0.5496045846648339,-1.917909163516809,-2.1275894568281744,0
0.2336757008788622,-1.1934238311086753,-0.3770441691342582,-1.280028635018241,1.4974957088430736,0
1.582851427174534,-1.7784199142730714,0.27899179474847396,-0.252305076398889,-0.9489845175765974,0
0.20622861527372208,-0.7924848778952097,0.3450753769458505,-0.996326938846263,0.3026454395506404,0
-0.23271073920668953,-0.6494712091585226,-0.8404709356859309,-1.6612831325773914,0.4842332738938204,0
1.1706902229848195,-1.3601659947246731,0.13227279049742133,0.43557222412037655,1.1559698467020052,0
-0.29673435228588296,-0.2937056170493443,0.3443557692879563,-1.5415666646863744,-0.6794455078356862,0
-0.6610817457481556,0.05242189593745605,0.8965886542360184,-2.3879637520641896,-2.4887323669506163,0
-2.7408905852328624,1.747761568494067,-0.4702435923032813,-3.158008034341178,-0.7529543506389051,0
2.7566569446853677,-3.503220698239111,2.6450367904151584,-0.09953421030229448,1.3616597362814313,1
1.3752455746584884,-1.673279214542018,1.2916352267604467,-0.5536096858140307,-1.0252194038127347,0
1.0319436098801753,-1.3535166889291965,0.1494194735091969,-0.7975227968418285,-1.2526316156232238,0
0.7674795970790724,-1.1856129351995555,1.1414643179722508,-0.14470002862883835,1.176151930675221,0
1.6362909042591451,-2.0609202344777344,0.15725843678529833,-0.08398261630889436,0.6462560290147341,1
-0.35871965816813933,-0.23475160556367491,1.0080040042932596,-1.8656265582062304,-1.4572848271692413,0
1.7308977720279317,-1.9676170681706557,-0.45379248516408377,0.28234041435942725,0.5381669085729284,0
0.5113283657192924,-1.2102281758481856,-2.3702524800658122,-0.6396776480143089,1.5696787603329034,0
-1.4106613980091147,0.6643649148734143,-0.08725601318294572,-2.292099221355941,-0.8940703402157799,0
0.22977127349565737,-0.7016117006657203,-0.36391939348963653,-1.3372372930868524,-1.2058531801403345,0
0.46503565930466606,-1.088850933217552,-1.6376049174566718,-0.6593181817658418,1.1633798498909098,0
0.8341164574968785,-1.0230970869026534,1.4394457151531361,0.06147635829782461,0.4574241621259951,0
-0.021126526533676887,-0.9466886459710477,1.1650321048394572,-1.5514073986821448,1.043767306718822,0
0.6190917396640505,-0.8435525407039626,0.7613055634094525,-0.31279350067535194,-0.15406436216820563,0
0.1487983773525334,-1.0027442593349525,-0.5925095652129303,-1.197327796539189,1.2292102827027156,0
0.8599092986918379,-1.236489478558605,0.3778292212221578,-1.0243682523690423,-1.4129766562373884,0
0.8893122654224113,-1.2003763926806588,-0.17194793491127605,-0.005332675701751111,0.877176138998621,0
1.5231972275303036,-1.9134916133635143,0.7404071223772372,-0.8325414289938458,-1.3921898610231676,0
1.8707091059874499,-2.051683558888011,0.43374922088634593,-0.6419757957214007,-2.2811975473319137,0
1.4755806388338173,-1.6977746724211147,-1.8767187306827366,-0.7645029813317044,-2.056234309202954,0
0.7064057791184877,-1.055821253564871,0.6181091025405885,-0.41836504638003535,0.15292810280716185,0
1.779184912781854,-2.073706354254207,-0.1165103783469821,-0.6926640413245104,-1.7421602852249571,0
0.957841778441975,-1.239604019949104,-1.156978475142292,0.01812473167615214,0.7278006030767965,0
1.1418290023820339,-1.8546203241461794,1.346669723754866,-0.031602917452642654,2.7043739323914,0
-0.49658579538104947,-0.15479319474130626,-0.38040725741084613,-1.9114813206125922,-1.1587460773798821,0
1.635912978618563,-1.6624866661660875,0.2954272865648849,1.124818391388212,1.7131321205192522,0
-0.31271250414434637,-0.21782581309756877,1.1470613778404304,-1.013015933338529,0.39850838293922064,0
0.6463065973188746,-1.26107621725418,-0.2795683042665431,-0.39092355259525746,1.665328014907134,0
-0.09929958175053075,-0.8592129851840427,-0.5895673839924012,-1.757825007491456,0.5215901743545415,0
1.246258147812609,-1.699288462946443,2.765979614439267,0.39415030288300335,2.3665256008445166,0
-0.2971764426604334,-0.3585900752144989,-0.0001191485590934855,-1.6237436595696033,-0.5510143282694391,0
-0.5775123478510804,-0.31489581543060663,-0.5199750884075218,-2.111200569331279,-0.34904494517004814,0
0.49452007372197476,-0.5990806914929816,-0.8595000398001769,-0.29935896067577183,-0.6439137467994023,0
0.3702205090687607,-1.1908016551194116,0.3171469847104752,-0.9664308784769245,1.4725013912652094,0
0.06823747379624809,-0.5274439409490992,0.5205530577324272,-1.1590209098642597,-0.6729267478444919,0
0.27458025488418725,-0.740773322984859,-1.0463548733703751,-1.2449824386662525,-1.0320744860309763,0
2.6635560397091353,-2.8081735758346063,0.7754237330893744,0.3668012204709272,-0.49968078531252325,0
-1.1478503803662314,0.40835351777724416,-0.629352099686685,-2.0821112695449244,-0.6004858337547494,0
-0.4978894305164665,1.2169290190870448,0.502714891773257,1.1959625300932304,-0.2354290425655412,1
1.2039286447067212,-1.5561355489331157,-1.1377379958113922,-0.3128348431263912,0.029185889805466436,0
0.13863082786391287,-0.5069192479384891,0.3314852620217588,-1.0098240274020092,-0.8188412542930716,0
-0.010818116277030883,-0.38680246562900755,1.4580252755643248,-0.8901312454953288,-0.22864602713082383,0
0.1855875559922074,-0.7860103170359777,-1.216325832795099,-0.9882424397025105,0.41514720726292575,0
1.7337671839143847,-1.958676697052748,0.5794189828989692,-0.40147768297318887,-1.309756624117754,0
0.14431399322290484,-1.189966634684616,-0.5593299381372452,-1.3096302044503356,1.9448481238052726,0
0.302543029571044,-1.055873688786461,0.05178385119895345,-0.8880244059719796,1.3807846335882945,0
1.4879091344650095,-1.7881105566927988,1.3414319753737025,0.38371187726023614,1.3373387527261027,0
0.8389594483345632,-1.3657621025919098,0.7800702973910638,-0.18609097130946128,1.5783542528650134,0
-1.189589159146814,1.9745916826929721,0.2635467405781687,0.8826369735499812,-0.823368297463615,1
0.6408481886400479,-1.4237011805167845,0.5469610954632903,-0.5927732867186455,2.024382590625185,0
-0.19304680602694133,-0.3273459363410215,0.29760494279712235,-1.689718577907893,-1.5192353105457526,0
1.1889784255684837,-1.4746659690902484,-0.503504161887299,-0.2447303787664704,-0.12940657271334588,0
0.9956034577632777,-1.0560761322249181,0.443523738462415,0.41643024378734816,0.5754339680625843,1
0.3167091634759262,-1.6916714499501064,1.5351487200075487,-1.362538559877212,3.3895987356398942,0
0.47227541911341964,-0.8184452272795968,0.7847815840141892,-1.1143512394991006,-1.4848070118366241,0
1.393226726568881,-1.6888506669839347,1.0668700883760402,-0.021846232098854834,0.3342259654914106,0
1.1916236646475988,-1.4962822494371866,-0.22565670321806863,0.3984285419624598,1.6454146355260373,0
-0.3017694620960145,-0.28018440770614517,0.8802850789837808,-1.8780528546814155,-1.5974130883618893,0
0.2629548149473725,-0.1930827525461044,-1.5272956904278092,0.2201331435217223,-0.010667886816805527,1
-0.2123697936390404,-0.5597255829417515,-0.08152282681934891,-1.6057889063402397,0.035050220017894596,0
-1.1961026586230363,0.49325096627894105,1.939988391476335,-2.175213621673185,-0.9952892523538776,0
0.1957743776005728,-1.1234304267806297,-1.0372657409627284,-1.218709006512707,1.520738281234192,0
2.208696823669597,-2.4693955211560263,0.3593025800857549,0.0043775271969448415,-0.45840430955553935,0
-1.8791483325738068,1.050432673866756,-0.6528084841698033,-2.066587961859063,0.5156362970385713,0
0.10116856349459291,-0.7844863871072948,-0.49435433785671684,-1.2417268129860282,0.2586515851236798,0
0.10757102525236242,-1.201997369553657,1.2126082374204565,-1.4209914820500127,1.9405745391875144,0
1.2284541110952671,-1.659567047823653,0.8280660763723794,-0.35898691170011676,0.3020020663117542,0
1.1867172951171145,-1.724511925505139,-0.4691413650790981,0.25061433973558844,2.4859282866055548,0
-0.03729322388674852,-0.45417669822382667,0.8618168032188236,-1.6521704258020793,-1.7023871903946606,0
0.6783089919796077,-1.6711631775114264,1.6263804056686328,-0.7738705523951624,2.621597285621645,0
-0.17014930592354496,-0.2227104562891269,-0.14428794263673994,-0.8056785210443472,0.09914793597510885,0
0.6459192242261812,-1.0725940334337953,0.4879054450741863,-0.48470347538870673,0.43513774952909157,0
-0.1087336144684569,-0.7495405378424851,1.4903794701929813,-1.5197507418281364,0.6250134614727165,0
0.7374324044471966,-1.084443358380211,-0.4262685566764252,-0.5129853402012301,-0.13227313130162233,0
